id,sid,time,time2
18689,11502,27070,7:31:10
15367,11504,27200,7:33:20
10345,11502,27230,7:33:50
13300,11504,27430,7:37:10
11778,11502,27450,7:37:30
11251,11502,27460,7:37:40
11876,11300,27490,7:38:10
14859,11300,27500,7:38:20
17516,11502,27540,7:39:00
16065,11300,27570,7:39:30
17054,11504,27690,7:41:30
18367,11300,27690,7:41:30
18059,11502,27850,7:44:10
11396,11300,27880,7:44:40
15408,11502,27900,7:45:00
15152,11504,27940,7:45:40
18347,11502,27960,7:46:00
10196,11504,28010,7:46:50
14825,11504,28040,7:47:20
10164,11504,28060,7:47:40
12573,11504,28240,7:50:40
13982,11502,28310,7:51:50
19627,11502,28430,7:53:50
11532,11300,28490,7:54:50
15801,11502,28530,7:55:30
12602,11504,28630,7:57:10
19027,11502,28640,7:57:20
16290,11502,28710,7:58:30
14819,11502,28760,7:59:20
12856,11300,28790,7:59:50
14678,11504,28790,7:59:50
16111,11504,28850,8:00:50
15670,11502,28930,8:02:10
11165,11300,28940,8:02:20
13322,11504,29100,8:05:00
11462,11504,29110,8:05:10
10638,11504,29320,8:08:40
15062,11507,29770,8:16:10
11619,11502,29850,8:17:30
17401,11507,29880,8:18:00
15800,11502,29910,8:18:30
13460,11502,30110,8:21:50
16817,11507,30190,8:23:10
11476,11502,30220,8:23:40
11026,11504,30260,8:24:20
19299,11507,30270,8:24:30
11991,11502,30360,8:26:00
16045,11300,30470,8:27:50
10777,11504,30580,8:29:40
12625,11504,30580,8:29:40
12735,11300,30580,8:29:40
12810,11502,30580,8:29:40
13024,11502,30580,8:29:40
16576,11504,30580,8:29:40
16842,11502,30580,8:29:40
18392,11502,30580,8:29:40
18902,11502,30580,8:29:40
19063,11502,30580,8:29:40
19996,11504,30580,8:29:40
10931,11504,30590,8:29:50
11883,11504,30590,8:29:50
12577,11300,30590,8:29:50
12889,11502,30590,8:29:50
13358,11300,30590,8:29:50
13799,11502,30590,8:29:50
14528,11504,30590,8:29:50
15642,11502,30590,8:29:50
17347,11502,30590,8:29:50
18823,11502,30590,8:29:50
19019,11502,30590,8:29:50
19513,11507,30590,8:29:50
19992,11300,30590,8:29:50
10402,11502,30600,8:30:00
12016,11300,30600,8:30:00
13252,11300,30600,8:30:00
15817,11504,30600,8:30:00
16424,11502,30600,8:30:00
16466,11300,30600,8:30:00
17556,11300,30600,8:30:00
10053,11504,30610,8:30:10
10137,11502,30610,8:30:10
10172,11300,30610,8:30:10
10495,11300,30610,8:30:10
13021,11502,30610,8:30:10
13213,11504,30610,8:30:10
14165,11300,30610,8:30:10
15637,11507,30610,8:30:10
16737,11502,30610,8:30:10
17030,11300,30610,8:30:10
19422,11502,30610,8:30:10
11046,11504,30620,8:30:20
13238,11504,30620,8:30:20
13248,11300,30620,8:30:20
13662,11502,30620,8:30:20
14336,11502,30620,8:30:20
14517,11504,30620,8:30:20
14968,11502,30620,8:30:20
17850,11502,30620,8:30:20
18268,11502,30620,8:30:20
19334,11507,30620,8:30:20
10685,11502,30630,8:30:30
11100,11502,30630,8:30:30
13562,11504,30630,8:30:30
14180,11502,30630,8:30:30
14391,11502,30630,8:30:30
15379,11502,30630,8:30:30
16975,11507,30630,8:30:30
18145,11502,30630,8:30:30
19255,11504,30630,8:30:30
19761,11502,30630,8:30:30
11992,11502,30640,8:30:40
15595,11504,30640,8:30:40
16157,11502,30640,8:30:40
18352,11502,30640,8:30:40
12177,11507,30650,8:30:50
14047,11300,30650,8:30:50
14104,11502,30650,8:30:50
15010,11504,30650,8:30:50
15690,11507,30650,8:30:50
16536,11300,30650,8:30:50
18433,11300,30650,8:30:50
19269,11502,30650,8:30:50
13721,11502,30660,8:31:00
14787,11504,30660,8:31:00
16327,11300,30660,8:31:00
17635,11504,30660,8:31:00
17636,11504,30660,8:31:00
18274,11502,30660,8:31:00
18387,11300,30660,8:31:00
19754,11300,30660,8:31:00
13041,11502,30670,8:31:10
14348,11502,30670,8:31:10
15196,11504,30670,8:31:10
15228,11300,30670,8:31:10
15991,11300,30670,8:31:10
16326,11504,30670,8:31:10
16907,11502,30670,8:31:10
18366,11502,30670,8:31:10
18372,11507,30670,8:31:10
18506,11502,30670,8:31:10
19026,11300,30670,8:31:10
12339,11502,30680,8:31:20
13843,11507,30680,8:31:20
13878,11502,30680,8:31:20
14236,11502,30680,8:31:20
14973,11504,30680,8:31:20
15946,11502,30680,8:31:20
18158,11300,30680,8:31:20
10404,11502,30690,8:31:30
16733,11300,30690,8:31:30
17618,11502,30690,8:31:30
18130,11502,30690,8:31:30
18473,11507,30690,8:31:30
19031,11502,30690,8:31:30
10891,11502,30700,8:31:40
12982,11502,30700,8:31:40
14592,11502,30700,8:31:40
14651,11502,30700,8:31:40
15893,11507,30700,8:31:40
15974,11502,30700,8:31:40
16524,11502,30700,8:31:40
17081,11502,30700,8:31:40
11642,11504,30710,8:31:50
11752,11504,30710,8:31:50
13215,11300,30710,8:31:50
14001,11300,30710,8:31:50
16894,11300,30710,8:31:50
18047,11300,30710,8:31:50
19402,11504,30710,8:31:50
19966,11504,30710,8:31:50
10473,11502,30720,8:32:00
10659,11502,30720,8:32:00
11317,11507,30720,8:32:00
11378,11300,30720,8:32:00
12977,11507,30720,8:32:00
13085,11502,30720,8:32:00
14576,11300,30720,8:32:00
17432,11504,30720,8:32:00
18714,11504,30720,8:32:00
19024,11300,30720,8:32:00
10976,11502,30730,8:32:10
12534,11502,30730,8:32:10
13553,11300,30730,8:32:10
14146,11300,30730,8:32:10
17505,11502,30730,8:32:10
19491,11507,30730,8:32:10
11397,11504,30740,8:32:20
11819,11504,30740,8:32:20
12099,11504,30740,8:32:20
12192,11502,30740,8:32:20
12680,11502,30740,8:32:20
13247,11300,30740,8:32:20
13436,11502,30740,8:32:20
13876,11504,30740,8:32:20
14408,11502,30740,8:32:20
15161,11504,30740,8:32:20
15703,11504,30740,8:32:20
15989,11502,30740,8:32:20
18445,11504,30740,8:32:20
18793,11502,30740,8:32:20
19722,11502,30740,8:32:20
19941,11502,30740,8:32:20
10435,11502,30750,8:32:30
11359,11300,30750,8:32:30
12436,11300,30750,8:32:30
13334,11300,30750,8:32:30
15169,11502,30750,8:32:30
16815,11502,30750,8:32:30
17235,11502,30750,8:32:30
17319,11300,30750,8:32:30
17852,11502,30750,8:32:30
19365,11502,30750,8:32:30
19988,11300,30750,8:32:30
10293,11300,30760,8:32:40
10518,11502,30760,8:32:40
10545,11502,30760,8:32:40
14048,11300,30760,8:32:40
15416,11502,30760,8:32:40
17214,11502,30760,8:32:40
19652,11502,30760,8:32:40
10282,11507,30770,8:32:50
10511,11502,30770,8:32:50
10762,11502,30770,8:32:50
11589,11507,30770,8:32:50
11723,11507,30770,8:32:50
12473,11502,30770,8:32:50
12857,11502,30770,8:32:50
14143,11504,30770,8:32:50
18695,11504,30770,8:32:50
18868,11502,30770,8:32:50
12493,11300,30780,8:33:00
12950,11504,30780,8:33:00
13005,11300,30780,8:33:00
14917,11300,30780,8:33:00
15708,11300,30780,8:33:00
17890,11502,30780,8:33:00
11255,11502,30790,8:33:10
11504,11504,30790,8:33:10
11525,11504,30790,8:33:10
14002,11502,30790,8:33:10
18087,11502,30790,8:33:10
10983,11502,30800,8:33:20
10996,11507,30800,8:33:20
11686,11300,30800,8:33:20
12998,11504,30800,8:33:20
14987,11502,30800,8:33:20
17548,11300,30800,8:33:20
17637,11502,30800,8:33:20
18553,11300,30800,8:33:20
12024,11507,30810,8:33:30
12840,11502,30810,8:33:30
12866,11504,30810,8:33:30
14593,11502,30810,8:33:30
15348,11300,30810,8:33:30
16155,11502,30810,8:33:30
16902,11300,30810,8:33:30
18000,11507,30810,8:33:30
18707,11502,30810,8:33:30
19223,11502,30810,8:33:30
11605,11502,30820,8:33:40
11872,11300,30820,8:33:40
13219,11502,30820,8:33:40
13484,11502,30820,8:33:40
15223,11300,30820,8:33:40
15600,11504,30820,8:33:40
16747,11300,30820,8:33:40
17740,11504,30820,8:33:40
10077,11300,30830,8:33:50
10194,11502,30830,8:33:50
14779,11502,30830,8:33:50
14833,11502,30830,8:33:50
11388,11502,30840,8:34:00
12252,11502,30840,8:34:00
13292,11504,30840,8:34:00
15966,11300,30840,8:34:00
19396,11300,30840,8:34:00
10726,11502,30850,8:34:10
12891,11504,30850,8:34:10
13606,11502,30850,8:34:10
15074,11502,30850,8:34:10
15106,11507,30850,8:34:10
15309,11502,30850,8:34:10
15409,11504,30850,8:34:10
15786,11300,30850,8:34:10
16255,11300,30850,8:34:10
16571,11502,30850,8:34:10
18374,11300,30850,8:34:10
19539,11502,30850,8:34:10
19888,11504,30850,8:34:10
10804,11300,30860,8:34:20
14372,11300,30860,8:34:20
14991,11507,30860,8:34:20
17880,11502,30860,8:34:20
18557,11502,30860,8:34:20
10218,11300,30870,8:34:30
10887,11300,30870,8:34:30
11522,11502,30870,8:34:30
11850,11300,30870,8:34:30
12082,11502,30870,8:34:30
12132,11502,30870,8:34:30
13588,11300,30870,8:34:30
13642,11502,30870,8:34:30
14431,11300,30870,8:34:30
14533,11504,30870,8:34:30
15234,11507,30870,8:34:30
15506,11300,30870,8:34:30
16862,11502,30870,8:34:30
10146,11502,30880,8:34:40
10415,11502,30880,8:34:40
10911,11504,30880,8:34:40
11252,11300,30880,8:34:40
11425,11504,30880,8:34:40
13092,11502,30880,8:34:40
13367,11300,30880,8:34:40
13947,11502,30880,8:34:40
14554,11504,30880,8:34:40
14726,11502,30880,8:34:40
16233,11300,30880,8:34:40
16493,11502,30880,8:34:40
16738,11502,30880,8:34:40
13283,11502,30890,8:34:50
13435,11504,30890,8:34:50
13901,11502,30890,8:34:50
15429,11502,30890,8:34:50
16179,11502,30890,8:34:50
16226,11504,30890,8:34:50
18289,11300,30890,8:34:50
18468,11502,30890,8:34:50
18807,11507,30890,8:34:50
11901,11300,30900,8:35:00
11969,11300,30900,8:35:00
12029,11502,30900,8:35:00
12571,11504,30900,8:35:00
13938,11502,30900,8:35:00
15096,11507,30900,8:35:00
15469,11502,30900,8:35:00
16608,11504,30900,8:35:00
18907,11502,30900,8:35:00
19204,11502,30900,8:35:00
19236,11300,30900,8:35:00
10331,11502,30910,8:35:10
11658,11504,30910,8:35:10
11760,11504,30910,8:35:10
11904,11300,30910,8:35:10
11979,11504,30910,8:35:10
12034,11300,30910,8:35:10
13966,11300,30910,8:35:10
14601,11502,30910,8:35:10
15431,11300,30910,8:35:10
16160,11504,30910,8:35:10
16212,11507,30910,8:35:10
17187,11502,30910,8:35:10
19831,11502,30910,8:35:10
11923,11300,30920,8:35:20
11988,11502,30920,8:35:20
12443,11502,30920,8:35:20
13505,11502,30920,8:35:20
13747,11300,30920,8:35:20
16790,11502,30920,8:35:20
18395,11504,30920,8:35:20
18406,11300,30920,8:35:20
10123,11502,30930,8:35:30
10778,11504,30930,8:35:30
11938,11300,30930,8:35:30
13272,11502,30930,8:35:30
13929,11502,30930,8:35:30
15176,11504,30930,8:35:30
17952,11502,30930,8:35:30
19507,11502,30930,8:35:30
19857,11502,30930,8:35:30
19912,11502,30930,8:35:30
19916,11502,30930,8:35:30
10397,11502,30940,8:35:40
10711,11502,30940,8:35:40
11033,11502,30940,8:35:40
12716,11502,30940,8:35:40
12900,11502,30940,8:35:40
13504,11502,30940,8:35:40
14108,11502,30940,8:35:40
14802,11300,30940,8:35:40
17868,11507,30940,8:35:40
17902,11502,30940,8:35:40
18607,11507,30940,8:35:40
19137,11507,30940,8:35:40
19829,11504,30940,8:35:40
10205,11502,30950,8:35:50
10625,11502,30950,8:35:50
13377,11502,30950,8:35:50
14041,11300,30950,8:35:50
15934,11502,30950,8:35:50
16267,11502,30950,8:35:50
17023,11300,30950,8:35:50
18265,11502,30950,8:35:50
19366,11502,30950,8:35:50
10136,11300,30960,8:36:00
11098,11504,30960,8:36:00
13872,11502,30960,8:36:00
14928,11300,30960,8:36:00
19306,11507,30960,8:36:00
19343,11502,30960,8:36:00
19356,11502,30960,8:36:00
10295,11502,30970,8:36:10
11809,11502,30970,8:36:10
11874,11507,30970,8:36:10
12434,11502,30970,8:36:10
12674,11504,30970,8:36:10
12811,11300,30970,8:36:10
17454,11507,30970,8:36:10
18548,11502,30970,8:36:10
18678,11507,30970,8:36:10
19401,11502,30970,8:36:10
10046,11502,30980,8:36:20
14256,11502,30980,8:36:20
14420,11502,30980,8:36:20
16708,11502,30980,8:36:20
19490,11504,30980,8:36:20
11512,11507,30990,8:36:30
14052,11504,30990,8:36:30
14547,11300,30990,8:36:30
14868,11502,30990,8:36:30
14998,11300,30990,8:36:30
16177,11502,30990,8:36:30
16208,11502,30990,8:36:30
17419,11502,30990,8:36:30
19173,11502,30990,8:36:30
19540,11502,30990,8:36:30
11292,11502,31000,8:36:40
13304,11502,31000,8:36:40
13630,11300,31000,8:36:40
13680,11502,31000,8:36:40
13727,11300,31000,8:36:40
16473,11502,31000,8:36:40
17380,11502,31000,8:36:40
17445,11502,31000,8:36:40
17798,11502,31000,8:36:40
18877,11504,31000,8:36:40
10469,11502,31010,8:36:50
11585,11502,31010,8:36:50
12781,11502,31010,8:36:50
12850,11507,31010,8:36:50
13571,11502,31010,8:36:50
18574,11504,31010,8:36:50
18800,11502,31010,8:36:50
10320,11300,31020,8:37:00
12727,11300,31020,8:37:00
12813,11502,31020,8:37:00
13813,11300,31020,8:37:00
15027,11300,31020,8:37:00
15366,11502,31020,8:37:00
16102,11502,31020,8:37:00
16315,11504,31020,8:37:00
17439,11504,31020,8:37:00
18315,11300,31020,8:37:00
12854,11507,31030,8:37:10
14015,11504,31030,8:37:10
15375,11502,31030,8:37:10
16002,11502,31030,8:37:10
17066,11502,31030,8:37:10
18730,11300,31030,8:37:10
10955,11300,31040,8:37:20
13924,11502,31040,8:37:20
14617,11502,31040,8:37:20
14724,11300,31040,8:37:20
15870,11504,31040,8:37:20
17463,11507,31040,8:37:20
17961,11300,31040,8:37:20
10961,11502,31050,8:37:30
11339,11502,31050,8:37:30
12804,11504,31050,8:37:30
15680,11300,31050,8:37:30
15953,11502,31050,8:37:30
16069,11502,31050,8:37:30
17372,11502,31050,8:37:30
17965,11502,31050,8:37:30
18734,11507,31050,8:37:30
18954,11502,31050,8:37:30
19472,11504,31050,8:37:30
11526,11502,31060,8:37:40
11864,11504,31060,8:37:40
13441,11502,31060,8:37:40
16139,11502,31060,8:37:40
17603,11502,31060,8:37:40
18894,11502,31060,8:37:40
19182,11504,31060,8:37:40
19640,11504,31060,8:37:40
15045,11502,31070,8:37:50
15878,11502,31070,8:37:50
16758,11502,31070,8:37:50
18895,11504,31070,8:37:50
10409,11300,31080,8:38:00
16017,11502,31080,8:38:00
18171,11502,31080,8:38:00
19288,11502,31080,8:38:00
19415,11502,31080,8:38:00
19612,11502,31080,8:38:00
19842,11504,31080,8:38:00
19897,11502,31080,8:38:00
10801,11300,31090,8:38:10
10855,11504,31090,8:38:10
11426,11502,31090,8:38:10
11480,11502,31090,8:38:10
12107,11504,31090,8:38:10
15103,11502,31090,8:38:10
15298,11502,31090,8:38:10
19048,11507,31090,8:38:10
19078,11300,31090,8:38:10
19266,11300,31090,8:38:10
19588,11504,31090,8:38:10
12842,11504,31100,8:38:20
14501,11300,31100,8:38:20
14646,11300,31100,8:38:20
17083,11504,31100,8:38:20
18836,11507,31100,8:38:20
19171,11502,31100,8:38:20
19189,11507,31100,8:38:20
19961,11300,31100,8:38:20
11192,11300,31110,8:38:30
11705,11504,31110,8:38:30
11738,11502,31110,8:38:30
11902,11504,31110,8:38:30
13315,11300,31110,8:38:30
14804,11502,31110,8:38:30
15420,11504,31110,8:38:30
16251,11300,31110,8:38:30
16380,11502,31110,8:38:30
16705,11502,31110,8:38:30
17009,11504,31110,8:38:30
17778,11502,31110,8:38:30
19222,11502,31110,8:38:30
19557,11300,31110,8:38:30
10836,11502,31120,8:38:40
11201,11300,31120,8:38:40
12176,11300,31120,8:38:40
14874,11507,31120,8:38:40
15058,11502,31120,8:38:40
15979,11504,31120,8:38:40
17053,11507,31120,8:38:40
11794,11300,31130,8:38:50
13563,11507,31130,8:38:50
16018,11504,31130,8:38:50
16392,11504,31130,8:38:50
19553,11502,31130,8:38:50
19789,11502,31130,8:38:50
12374,11504,31140,8:39:00
13330,11300,31140,8:39:00
13434,11502,31140,8:39:00
15199,11502,31140,8:39:00
17735,11504,31140,8:39:00
10865,11504,31150,8:39:10
11314,11504,31150,8:39:10
14280,11300,31150,8:39:10
15604,11300,31150,8:39:10
15775,11502,31150,8:39:10
16040,11502,31150,8:39:10
16253,11300,31150,8:39:10
16316,11507,31150,8:39:10
17467,11300,31150,8:39:10
10051,11502,31160,8:39:20
10668,11507,31160,8:39:20
11889,11502,31160,8:39:20
11978,11502,31160,8:39:20
12248,11300,31160,8:39:20
13820,11504,31160,8:39:20
14649,11300,31160,8:39:20
14677,11502,31160,8:39:20
15769,11507,31160,8:39:20
16455,11502,31160,8:39:20
18866,11502,31160,8:39:20
18964,11502,31160,8:39:20
11331,11502,31170,8:39:30
13072,11504,31170,8:39:30
16056,11504,31170,8:39:30
16717,11502,31170,8:39:30
17183,11504,31170,8:39:30
17567,11502,31170,8:39:30
17733,11504,31170,8:39:30
18477,11507,31170,8:39:30
19574,11502,31170,8:39:30
12122,11504,31180,8:39:40
13009,11502,31180,8:39:40
15195,11300,31180,8:39:40
16365,11502,31180,8:39:40
16598,11507,31180,8:39:40
17355,11502,31180,8:39:40
17692,11502,31180,8:39:40
17997,11502,31180,8:39:40
10181,11507,31190,8:39:50
10526,11504,31190,8:39:50
10927,11300,31190,8:39:50
10935,11300,31190,8:39:50
12036,11502,31190,8:39:50
13884,11502,31190,8:39:50
16394,11502,31190,8:39:50
17324,11300,31190,8:39:50
17641,11504,31190,8:39:50
18225,11502,31190,8:39:50
18294,11507,31190,8:39:50
18718,11504,31190,8:39:50
19036,11504,31190,8:39:50
19442,11502,31190,8:39:50
10311,11502,31200,8:40:00
10876,11507,31200,8:40:00
11656,11502,31200,8:40:00
12927,11502,31200,8:40:00
15072,11502,31200,8:40:00
17164,11504,31200,8:40:00
17669,11502,31200,8:40:00
18204,11502,31200,8:40:00
18953,11502,31200,8:40:00
10744,11502,31220,8:40:20
10756,11502,31220,8:40:20
11460,11504,31220,8:40:20
11780,11507,31220,8:40:20
12044,11502,31220,8:40:20
12775,11300,31220,8:40:20
13849,11504,31220,8:40:20
14200,11504,31220,8:40:20
14959,11504,31220,8:40:20
15757,11502,31220,8:40:20
18151,11502,31220,8:40:20
18328,11504,31220,8:40:20
18977,11504,31220,8:40:20
11547,11502,31230,8:40:30
11720,11507,31230,8:40:30
11782,11502,31230,8:40:30
13378,11300,31230,8:40:30
13828,11300,31230,8:40:30
14600,11502,31230,8:40:30
15460,11504,31230,8:40:30
15673,11300,31230,8:40:30
16866,11502,31230,8:40:30
18096,11300,31230,8:40:30
18933,11502,31230,8:40:30
19838,11300,31230,8:40:30
11009,11502,31240,8:40:40
11424,11504,31240,8:40:40
13217,11300,31240,8:40:40
13959,11502,31240,8:40:40
13990,11504,31240,8:40:40
13992,11502,31240,8:40:40
14132,11502,31240,8:40:40
14474,11502,31240,8:40:40
15832,11504,31240,8:40:40
15937,11502,31240,8:40:40
15993,11300,31240,8:40:40
17025,11502,31240,8:40:40
17195,11300,31240,8:40:40
13326,11300,31250,8:40:50
13370,11502,31250,8:40:50
16751,11300,31250,8:40:50
17328,11502,31250,8:40:50
17458,11502,31250,8:40:50
19202,11507,31250,8:40:50
10178,11504,31260,8:41:00
10657,11502,31260,8:41:00
14224,11504,31260,8:41:00
14806,11502,31260,8:41:00
15028,11504,31260,8:41:00
15054,11502,31260,8:41:00
17703,11502,31260,8:41:00
11069,11300,31270,8:41:10
12463,11504,31270,8:41:10
13039,11504,31270,8:41:10
13623,11507,31270,8:41:10
14599,11502,31270,8:41:10
15741,11502,31270,8:41:10
17623,11502,31270,8:41:10
18656,11502,31270,8:41:10
19556,11502,31270,8:41:10
19835,11300,31270,8:41:10
13057,11300,31280,8:41:20
14269,11502,31280,8:41:20
19689,11300,31280,8:41:20
10921,11502,31290,8:41:30
12387,11504,31290,8:41:30
15120,11504,31290,8:41:30
15603,11300,31290,8:41:30
16848,11300,31290,8:41:30
17344,11504,31290,8:41:30
19848,11300,31290,8:41:30
10252,11502,31300,8:41:40
14631,11502,31300,8:41:40
17391,11507,31300,8:41:40
15303,11502,31310,8:41:50
15401,11504,31310,8:41:50
16310,11502,31310,8:41:50
16971,11502,31310,8:41:50
17704,11502,31310,8:41:50
18162,11502,31310,8:41:50
18519,11300,31310,8:41:50
12517,11502,31320,8:42:00
12724,11507,31320,8:42:00
13428,11300,31320,8:42:00
13801,11504,31320,8:42:00
15477,11502,31320,8:42:00
17163,11502,31320,8:42:00
17353,11502,31320,8:42:00
17421,11504,31320,8:42:00
17595,11502,31320,8:42:00
19054,11502,31320,8:42:00
11210,11502,31330,8:42:10
12995,11300,31330,8:42:10
13431,11502,31330,8:42:10
13613,11502,31330,8:42:10
14706,11502,31330,8:42:10
15094,11507,31330,8:42:10
16333,11300,31330,8:42:10
17327,11502,31330,8:42:10
19010,11502,31330,8:42:10
19232,11504,31330,8:42:10
11750,11502,31340,8:42:20
12196,11300,31340,8:42:20
13065,11300,31340,8:42:20
13890,11300,31340,8:42:20
15357,11507,31340,8:42:20
15447,11504,31340,8:42:20
15601,11507,31340,8:42:20
16294,11504,31340,8:42:20
16936,11502,31340,8:42:20
16983,11502,31340,8:42:20
16985,11502,31340,8:42:20
19331,11300,31340,8:42:20
11651,11504,31350,8:42:30
11669,11502,31350,8:42:30
15867,11502,31350,8:42:30
17105,11300,31350,8:42:30
18325,11502,31350,8:42:30
18350,11502,31350,8:42:30
18761,11502,31350,8:42:30
10561,11300,31360,8:42:40
10708,11300,31360,8:42:40
12401,11300,31360,8:42:40
12815,11502,31360,8:42:40
13147,11507,31360,8:42:40
14578,11504,31360,8:42:40
18792,11507,31360,8:42:40
19823,11502,31360,8:42:40
13308,11504,31370,8:42:50
15288,11502,31370,8:42:50
15881,11502,31370,8:42:50
16630,11504,31370,8:42:50
17189,11504,31370,8:42:50
18244,11504,31370,8:42:50
18390,11502,31370,8:42:50
10214,11502,31380,8:43:00
12240,11300,31380,8:43:00
13603,11504,31380,8:43:00
14948,11300,31380,8:43:00
18438,11300,31380,8:43:00
19487,11502,31380,8:43:00
11535,11504,31390,8:43:10
12169,11300,31390,8:43:10
13551,11502,31390,8:43:10
14241,11300,31390,8:43:10
10225,11502,31400,8:43:20
10292,11502,31400,8:43:20
10321,11502,31400,8:43:20
10732,11300,31400,8:43:20
11666,11504,31400,8:43:20
11847,11502,31400,8:43:20
12776,11502,31400,8:43:20
14783,11502,31400,8:43:20
16187,11502,31400,8:43:20
17668,11502,31400,8:43:20
18220,11504,31400,8:43:20
19190,11502,31400,8:43:20
10630,11300,31410,8:43:30
11663,11502,31410,8:43:30
11737,11504,31410,8:43:30
13243,11300,31410,8:43:30
14323,11502,31410,8:43:30
14854,11507,31410,8:43:30
15000,11507,31410,8:43:30
15323,11502,31410,8:43:30
16615,11502,31410,8:43:30
16823,11300,31410,8:43:30
17005,11502,31410,8:43:30
10115,11300,31420,8:43:40
11843,11300,31420,8:43:40
12393,11502,31420,8:43:40
13575,11502,31420,8:43:40
14971,11300,31420,8:43:40
15705,11507,31420,8:43:40
17024,11507,31420,8:43:40
17770,11502,31420,8:43:40
18704,11504,31420,8:43:40
19209,11300,31420,8:43:40
19247,11502,31420,8:43:40
10163,11504,31430,8:43:50
11032,11300,31430,8:43:50
11628,11504,31430,8:43:50
12005,11504,31430,8:43:50
12273,11504,31430,8:43:50
12721,11504,31430,8:43:50
14813,11300,31430,8:43:50
15238,11502,31430,8:43:50
15434,11502,31430,8:43:50
17625,11502,31430,8:43:50
18356,11502,31430,8:43:50
19345,11502,31430,8:43:50
12612,11502,31440,8:44:00
12622,11300,31440,8:44:00
14110,11300,31440,8:44:00
14121,11504,31440,8:44:00
15026,11504,31440,8:44:00
15067,11502,31440,8:44:00
15764,11504,31440,8:44:00
16937,11300,31440,8:44:00
17396,11502,31440,8:44:00
17598,11502,31440,8:44:00
18007,11300,31440,8:44:00
18105,11502,31440,8:44:00
18181,11502,31440,8:44:00
18974,11502,31440,8:44:00
10003,11502,31450,8:44:10
11284,11504,31450,8:44:10
11433,11502,31450,8:44:10
12554,11502,31450,8:44:10
13279,11504,31450,8:44:10
13386,11502,31450,8:44:10
13496,11502,31450,8:44:10
13986,11300,31450,8:44:10
14130,11504,31450,8:44:10
14231,11300,31450,8:44:10
14757,11502,31450,8:44:10
17208,11504,31450,8:44:10
17930,11502,31450,8:44:10
18753,11502,31450,8:44:10
19594,11502,31450,8:44:10
10085,11502,31460,8:44:20
14672,11502,31460,8:44:20
16953,11504,31460,8:44:20
17314,11502,31460,8:44:20
18486,11504,31460,8:44:20
18787,11504,31460,8:44:20
18790,11507,31460,8:44:20
18801,11300,31460,8:44:20
19107,11300,31460,8:44:20
10528,11502,31470,8:44:30
10540,11502,31470,8:44:30
12745,11502,31470,8:44:30
13122,11300,31470,8:44:30
15248,11300,31470,8:44:30
15965,11504,31470,8:44:30
19969,11502,31470,8:44:30
10056,11502,31480,8:44:40
11096,11502,31480,8:44:40
11234,11504,31480,8:44:40
11796,11502,31480,8:44:40
14443,11502,31480,8:44:40
14716,11504,31480,8:44:40
16676,11502,31480,8:44:40
17557,11504,31480,8:44:40
18476,11300,31480,8:44:40
10280,11504,31490,8:44:50
10494,11504,31490,8:44:50
10643,11502,31490,8:44:50
11523,11502,31490,8:44:50
13702,11502,31490,8:44:50
16858,11502,31490,8:44:50
17533,11502,31490,8:44:50
19009,11502,31490,8:44:50
19479,11502,31490,8:44:50
10026,11504,31500,8:45:00
13225,11502,31500,8:45:00
14024,11507,31500,8:45:00
14764,11502,31500,8:45:00
15055,11502,31500,8:45:00
15500,11502,31500,8:45:00
17233,11502,31500,8:45:00
18223,11507,31500,8:45:00
19141,11300,31500,8:45:00
11136,11502,31510,8:45:10
13121,11502,31510,8:45:10
13328,11300,31510,8:45:10
17236,11504,31510,8:45:10
17679,11504,31510,8:45:10
18848,11502,31510,8:45:10
10774,11300,31520,8:45:20
11216,11502,31520,8:45:20
13207,11300,31520,8:45:20
14777,11502,31520,8:45:20
16776,11502,31520,8:45:20
17297,11502,31520,8:45:20
17800,11507,31520,8:45:20
18342,11507,31520,8:45:20
18956,11502,31520,8:45:20
10374,11502,31530,8:45:30
11179,11502,31530,8:45:30
12653,11504,31530,8:45:30
13970,11502,31530,8:45:30
14386,11504,31530,8:45:30
15564,11504,31530,8:45:30
15706,11502,31530,8:45:30
16171,11300,31530,8:45:30
17169,11502,31530,8:45:30
17291,11504,31530,8:45:30
18744,11502,31530,8:45:30
19037,11300,31530,8:45:30
11129,11502,31540,8:45:40
11311,11507,31540,8:45:40
11935,11300,31540,8:45:40
12474,11502,31540,8:45:40
12703,11502,31540,8:45:40
13086,11504,31540,8:45:40
14395,11502,31540,8:45:40
14411,11504,31540,8:45:40
17768,11502,31540,8:45:40
18686,11507,31540,8:45:40
10004,11300,31550,8:45:50
10182,11300,31550,8:45:50
10474,11502,31550,8:45:50
11297,11502,31550,8:45:50
12500,11502,31550,8:45:50
19254,11502,31550,8:45:50
10818,11300,31560,8:46:00
10943,11502,31560,8:46:00
11977,11502,31560,8:46:00
12193,11504,31560,8:46:00
13698,11507,31560,8:46:00
15011,11502,31560,8:46:00
16435,11507,31560,8:46:00
18048,11300,31560,8:46:00
11107,11300,31570,8:46:10
11498,11300,31570,8:46:10
13495,11507,31570,8:46:10
13569,11504,31570,8:46:10
14740,11300,31570,8:46:10
15794,11300,31570,8:46:10
16687,11300,31570,8:46:10
17007,11300,31570,8:46:10
17222,11300,31570,8:46:10
19425,11300,31570,8:46:10
10757,11502,31580,8:46:20
12006,11300,31580,8:46:20
12102,11502,31580,8:46:20
15279,11507,31580,8:46:20
16431,11502,31580,8:46:20
16533,11300,31580,8:46:20
16811,11502,31580,8:46:20
17325,11300,31580,8:46:20
19559,11300,31580,8:46:20
11199,11502,31590,8:46:30
12524,11502,31590,8:46:30
14445,11300,31590,8:46:30
14577,11502,31590,8:46:30
15967,11502,31590,8:46:30
17538,11300,31590,8:46:30
18299,11300,31590,8:46:30
18499,11504,31590,8:46:30
12383,11502,31600,8:46:40
12470,11504,31600,8:46:40
13951,11300,31600,8:46:40
14424,11507,31600,8:46:40
16272,11502,31600,8:46:40
16933,11502,31600,8:46:40
17829,11502,31600,8:46:40
18233,11502,31600,8:46:40
18482,11502,31600,8:46:40
19051,11502,31600,8:46:40
10090,11504,31610,8:46:50
10933,11502,31610,8:46:50
14379,11507,31610,8:46:50
16921,11502,31610,8:46:50
18751,11502,31610,8:46:50
19892,11504,31610,8:46:50
10193,11504,31620,8:47:00
10215,11504,31620,8:47:00
11091,11502,31620,8:47:00
11670,11504,31620,8:47:00
16132,11300,31620,8:47:00
16660,11504,31620,8:47:00
17973,11507,31620,8:47:00
18640,11502,31620,8:47:00
19034,11502,31620,8:47:00
19955,11502,31620,8:47:00
10539,11504,31630,8:47:10
11171,11504,31630,8:47:10
11193,11502,31630,8:47:10
11586,11300,31630,8:47:10
13178,11300,31630,8:47:10
13921,11502,31630,8:47:10
17294,11502,31630,8:47:10
17336,11300,31630,8:47:10
10027,11502,31640,8:47:20
10577,11300,31640,8:47:20
13691,11300,31640,8:47:20
15008,11504,31640,8:47:20
15393,11300,31640,8:47:20
16879,11502,31640,8:47:20
17998,11502,31640,8:47:20
12257,11502,31650,8:47:30
12527,11504,31650,8:47:30
12984,11300,31650,8:47:30
14306,11502,31650,8:47:30
16586,11300,31650,8:47:30
17096,11502,31650,8:47:30
17259,11504,31650,8:47:30
18865,11504,31650,8:47:30
10387,11300,31660,8:47:40
12480,11502,31660,8:47:40
14249,11502,31660,8:47:40
14292,11300,31660,8:47:40
16005,11502,31660,8:47:40
16545,11300,31660,8:47:40
16578,11502,31660,8:47:40
16750,11502,31660,8:47:40
19215,11507,31660,8:47:40
10517,11502,31670,8:47:50
11853,11504,31670,8:47:50
12090,11300,31670,8:47:50
12704,11300,31670,8:47:50
12953,11502,31670,8:47:50
13363,11502,31670,8:47:50
14140,11502,31670,8:47:50
15079,11502,31670,8:47:50
15738,11502,31670,8:47:50
19083,11502,31670,8:47:50
10021,11502,31680,8:48:00
11221,11507,31680,8:48:00
12340,11502,31680,8:48:00
15355,11504,31680,8:48:00
15466,11502,31680,8:48:00
15961,11504,31680,8:48:00
17002,11502,31680,8:48:00
18330,11504,31680,8:48:00
18708,11300,31680,8:48:00
19079,11504,31680,8:48:00
19220,11300,31680,8:48:00
19850,11502,31680,8:48:00
10985,11502,31690,8:48:10
11488,11504,31690,8:48:10
11561,11502,31690,8:48:10
11868,11502,31690,8:48:10
14853,11507,31690,8:48:10
15181,11300,31690,8:48:10
15719,11504,31690,8:48:10
16521,11502,31690,8:48:10
17191,11502,31690,8:48:10
17989,11502,31690,8:48:10
19165,11504,31690,8:48:10
10015,11504,31700,8:48:20
10854,11300,31700,8:48:20
11558,11504,31700,8:48:20
11726,11504,31700,8:48:20
13473,11502,31700,8:48:20
18837,11502,31700,8:48:20
12276,11502,31710,8:48:30
14792,11502,31710,8:48:30
16303,11507,31710,8:48:30
16492,11502,31710,8:48:30
17916,11300,31710,8:48:30
19403,11502,31710,8:48:30
12805,11502,31720,8:48:40
13003,11507,31720,8:48:40
13498,11300,31720,8:48:40
14094,11502,31720,8:48:40
14353,11507,31720,8:48:40
15049,11502,31720,8:48:40
15324,11507,31720,8:48:40
16476,11502,31720,8:48:40
18950,11507,31720,8:48:40
11172,11502,31730,8:48:50
11464,11507,31730,8:48:50
13036,11502,31730,8:48:50
19527,11502,31730,8:48:50
11182,11502,31740,8:49:00
12543,11502,31740,8:49:00
13869,11504,31740,8:49:00
15952,11502,31740,8:49:00
17415,11502,31740,8:49:00
10265,11504,31750,8:49:10
10522,11502,31750,8:49:10
10722,11502,31750,8:49:10
13132,11504,31750,8:49:10
14219,11300,31750,8:49:10
15542,11504,31750,8:49:10
15620,11300,31750,8:49:10
18169,11504,31750,8:49:10
10452,11502,31760,8:49:20
10683,11502,31760,8:49:20
12445,11502,31760,8:49:20
12765,11502,31760,8:49:20
12824,11502,31760,8:49:20
15758,11300,31760,8:49:20
16181,11504,31760,8:49:20
18489,11502,31760,8:49:20
19874,11502,31760,8:49:20
11113,11502,31770,8:49:30
11867,11502,31770,8:49:30
15453,11504,31770,8:49:30
17334,11300,31770,8:49:30
17398,11300,31770,8:49:30
17820,11300,31770,8:49:30
10037,11504,31780,8:49:40
10231,11502,31780,8:49:40
10264,11502,31780,8:49:40
11333,11507,31780,8:49:40
12576,11502,31780,8:49:40
12611,11300,31780,8:49:40
12909,11504,31780,8:49:40
13456,11507,31780,8:49:40
16322,11502,31780,8:49:40
18613,11502,31780,8:49:40
19045,11504,31780,8:49:40
19228,11507,31780,8:49:40
10884,11502,31790,8:49:50
11974,11300,31790,8:49:50
14835,11502,31790,8:49:50
16094,11504,31790,8:49:50
17908,11502,31790,8:49:50
18450,11504,31790,8:49:50
19858,11504,31790,8:49:50
10012,11502,31800,8:50:00
10861,11502,31800,8:50:00
12472,11300,31800,8:50:00
13253,11502,31800,8:50:00
13778,11502,31800,8:50:00
16159,11502,31800,8:50:00
17238,11504,31800,8:50:00
17863,11504,31800,8:50:00
19694,11502,31800,8:50:00
12212,11504,31810,8:50:10
14535,11502,31810,8:50:10
15113,11300,31810,8:50:10
16332,11502,31810,8:50:10
18616,11300,31810,8:50:10
11692,11504,31820,8:50:20
11714,11300,31820,8:50:20
12337,11300,31820,8:50:20
13688,11502,31820,8:50:20
14785,11502,31820,8:50:20
15970,11504,31820,8:50:20
16556,11502,31820,8:50:20
16746,11507,31820,8:50:20
19115,11502,31820,8:50:20
19364,11300,31820,8:50:20
19882,11300,31820,8:50:20
11984,11300,31830,8:50:30
14250,11502,31830,8:50:30
14297,11502,31830,8:50:30
15370,11504,31830,8:50:30
15811,11502,31830,8:50:30
16678,11502,31830,8:50:30
18401,11502,31830,8:50:30
10045,11504,31840,8:50:40
10785,11504,31840,8:50:40
11068,11502,31840,8:50:40
11218,11502,31840,8:50:40
11278,11507,31840,8:50:40
11894,11504,31840,8:50:40
13405,11507,31840,8:50:40
13448,11504,31840,8:50:40
13790,11502,31840,8:50:40
14496,11300,31840,8:50:40
14732,11504,31840,8:50:40
15759,11502,31840,8:50:40
16427,11300,31840,8:50:40
17154,11502,31840,8:50:40
17286,11502,31840,8:50:40
17914,11502,31840,8:50:40
18161,11502,31840,8:50:40
18187,11502,31840,8:50:40
10256,11502,31850,8:50:50
12528,11502,31850,8:50:50
14550,11300,31850,8:50:50
18079,11502,31850,8:50:50
18100,11300,31850,8:50:50
12181,11300,31860,8:51:00
12408,11300,31860,8:51:00
14033,11507,31860,8:51:00
14045,11507,31860,8:51:00
14869,11300,31860,8:51:00
15050,11507,31860,8:51:00
15550,11504,31860,8:51:00
16563,11502,31860,8:51:00
17304,11504,31860,8:51:00
17711,11504,31860,8:51:00
17926,11300,31860,8:51:00
18388,11502,31860,8:51:00
18585,11504,31860,8:51:00
10084,11300,31870,8:51:10
10121,11502,31870,8:51:10
11028,11300,31870,8:51:10
11093,11300,31870,8:51:10
15715,11504,31870,8:51:10
16119,11502,31870,8:51:10
18692,11502,31870,8:51:10
19192,11300,31870,8:51:10
10266,11300,31880,8:51:20
10373,11502,31880,8:51:20
12939,11507,31880,8:51:20
14612,11504,31880,8:51:20
14622,11507,31880,8:51:20
15358,11502,31880,8:51:20
15504,11502,31880,8:51:20
16469,11300,31880,8:51:20
18275,11300,31880,8:51:20
18355,11300,31880,8:51:20
19155,11300,31880,8:51:20
10661,11502,31890,8:51:30
12211,11502,31890,8:51:30
13344,11507,31890,8:51:30
14261,11504,31890,8:51:30
14470,11507,31890,8:51:30
14571,11300,31890,8:51:30
15145,11504,31890,8:51:30
15587,11502,31890,8:51:30
16340,11502,31890,8:51:30
16732,11502,31890,8:51:30
18058,11504,31890,8:51:30
18063,11502,31890,8:51:30
18359,11300,31890,8:51:30
11572,11502,31900,8:51:40
12668,11502,31900,8:51:40
12787,11300,31900,8:51:40
12916,11502,31900,8:51:40
14084,11502,31900,8:51:40
14962,11300,31900,8:51:40
16317,11300,31900,8:51:40
17451,11502,31900,8:51:40
19110,11507,31900,8:51:40
19145,11507,31900,8:51:40
13022,11504,31910,8:51:50
14487,11300,31910,8:51:50
14884,11502,31910,8:51:50
19799,11300,31910,8:51:50
10488,11504,31920,8:52:00
10725,11300,31920,8:52:00
15093,11502,31920,8:52:00
15327,11504,31920,8:52:00
15874,11504,31920,8:52:00
15900,11502,31920,8:52:00
17460,11507,31920,8:52:00
18208,11300,31920,8:52:00
18287,11504,31920,8:52:00
10418,11502,31930,8:52:10
12570,11300,31930,8:52:10
12615,11300,31930,8:52:10
13284,11507,31930,8:52:10
14930,11502,31930,8:52:10
17744,11502,31930,8:52:10
17787,11507,31930,8:52:10
18447,11502,31930,8:52:10
19700,11507,31930,8:52:10
10014,11502,31940,8:52:20
10162,11504,31940,8:52:20
10660,11300,31940,8:52:20
11262,11504,31940,8:52:20
13030,11502,31940,8:52:20
14914,11502,31940,8:52:20
15743,11502,31940,8:52:20
16652,11507,31940,8:52:20
16875,11504,31940,8:52:20
16913,11502,31940,8:52:20
11025,11502,31950,8:52:30
11149,11300,31950,8:52:30
12672,11502,31950,8:52:30
12764,11300,31950,8:52:30
13382,11504,31950,8:52:30
13388,11504,31950,8:52:30
14091,11502,31950,8:52:30
14100,11507,31950,8:52:30
14330,11502,31950,8:52:30
15521,11502,31950,8:52:30
16282,11502,31950,8:52:30
16789,11300,31950,8:52:30
18037,11502,31950,8:52:30
19371,11502,31950,8:52:30
11641,11502,31960,8:52:40
14473,11504,31960,8:52:40
14916,11502,31960,8:52:40
15330,11504,31960,8:52:40
17666,11502,31960,8:52:40
18006,11504,31960,8:52:40
18273,11502,31960,8:52:40
10512,11507,31970,8:52:50
10516,11300,31970,8:52:50
11787,11502,31970,8:52:50
12105,11502,31970,8:52:50
12269,11502,31970,8:52:50
13208,11300,31970,8:52:50
13271,11502,31970,8:52:50
13744,11502,31970,8:52:50
15030,11502,31970,8:52:50
15131,11504,31970,8:52:50
15914,11502,31970,8:52:50
16996,11502,31970,8:52:50
17204,11502,31970,8:52:50
12406,11504,31980,8:53:00
13640,11502,31980,8:53:00
13854,11507,31980,8:53:00
13873,11504,31980,8:53:00
15405,11502,31980,8:53:00
15438,11504,31980,8:53:00
16760,11502,31980,8:53:00
19383,11507,31980,8:53:00
19839,11504,31980,8:53:00
11362,11504,31990,8:53:10
12422,11300,31990,8:53:10
14520,11502,31990,8:53:10
15498,11300,31990,8:53:10
15533,11502,31990,8:53:10
10748,11300,32000,8:53:20
11994,11300,32000,8:53:20
13347,11300,32000,8:53:20
14773,11504,32000,8:53:20
17069,11507,32000,8:53:20
17683,11300,32000,8:53:20
19617,11502,32000,8:53:20
19622,11507,32000,8:53:20
10375,11502,32010,8:53:30
13223,11502,32010,8:53:30
15187,11502,32010,8:53:30
16367,11502,32010,8:53:30
16369,11504,32010,8:53:30
10780,11504,32020,8:53:40
11724,11502,32020,8:53:40
11801,11502,32020,8:53:40
12650,11504,32020,8:53:40
13939,11504,32020,8:53:40
14115,11502,32020,8:53:40
15275,11502,32020,8:53:40
15342,11502,32020,8:53:40
15949,11504,32020,8:53:40
16897,11502,32020,8:53:40
17561,11504,32020,8:53:40
18038,11502,32020,8:53:40
13218,11504,32030,8:53:50
13359,11504,32030,8:53:50
14101,11502,32030,8:53:50
14393,11300,32030,8:53:50
15580,11300,32030,8:53:50
15658,11502,32030,8:53:50
16127,11300,32030,8:53:50
16896,11504,32030,8:53:50
17773,11502,32030,8:53:50
17947,11502,32030,8:53:50
18119,11507,32030,8:53:50
18138,11502,32030,8:53:50
18672,11504,32030,8:53:50
19290,11504,32030,8:53:50
19709,11504,32030,8:53:50
12750,11504,32040,8:54:00
12937,11502,32040,8:54:00
13351,11300,32040,8:54:00
13627,11300,32040,8:54:00
15141,11502,32040,8:54:00
16243,11300,32040,8:54:00
17591,11504,32040,8:54:00
18061,11504,32040,8:54:00
10669,11300,32050,8:54:10
11591,11502,32050,8:54:10
11728,11300,32050,8:54:10
12355,11504,32050,8:54:10
12357,11502,32050,8:54:10
13794,11504,32050,8:54:10
14741,11504,32050,8:54:10
15626,11507,32050,8:54:10
16257,11502,32050,8:54:10
16488,11300,32050,8:54:10
17257,11502,32050,8:54:10
17571,11502,32050,8:54:10
18701,11502,32050,8:54:10
19275,11502,32050,8:54:10
12809,11502,32060,8:54:20
13687,11504,32060,8:54:20
15198,11502,32060,8:54:20
16011,11504,32060,8:54:20
16200,11502,32060,8:54:20
16500,11502,32060,8:54:20
17943,11504,32060,8:54:20
18626,11502,32060,8:54:20
10000,11300,32070,8:54:30
10419,11504,32070,8:54:30
14349,11502,32070,8:54:30
15332,11300,32070,8:54:30
16075,11504,32070,8:54:30
16631,11502,32070,8:54:30
17006,11502,32070,8:54:30
17306,11507,32070,8:54:30
17870,11502,32070,8:54:30
10151,11502,32080,8:54:40
10309,11502,32080,8:54:40
10737,11502,32080,8:54:40
11341,11502,32080,8:54:40
11576,11504,32080,8:54:40
12847,11502,32080,8:54:40
13491,11502,32080,8:54:40
13573,11504,32080,8:54:40
15250,11502,32080,8:54:40
18684,11504,32080,8:54:40
19259,11300,32080,8:54:40
19407,11300,32080,8:54:40
19536,11300,32080,8:54:40
10349,11502,32090,8:54:50
12832,11507,32090,8:54:50
13229,11502,32090,8:54:50
13481,11504,32090,8:54:50
14926,11300,32090,8:54:50
15814,11300,32090,8:54:50
17273,11502,32090,8:54:50
17443,11300,32090,8:54:50
18948,11300,32090,8:54:50
19737,11502,32090,8:54:50
10812,11502,32100,8:55:00
11023,11502,32100,8:55:00
11151,11502,32100,8:55:00
11671,11502,32100,8:55:00
12305,11502,32100,8:55:00
14197,11502,32100,8:55:00
14812,11504,32100,8:55:00
15820,11504,32100,8:55:00
10986,11502,32110,8:55:10
12644,11502,32110,8:55:10
14544,11300,32110,8:55:10
15630,11300,32110,8:55:10
11138,11502,32120,8:55:20
12743,11504,32120,8:55:20
13197,11502,32120,8:55:20
13547,11502,32120,8:55:20
13735,11502,32120,8:55:20
14858,11300,32120,8:55:20
15819,11300,32120,8:55:20
17339,11300,32120,8:55:20
17951,11507,32120,8:55:20
19203,11300,32120,8:55:20
19670,11502,32120,8:55:20
10101,11502,32130,8:55:30
10334,11504,32130,8:55:30
10918,11502,32130,8:55:30
11176,11300,32130,8:55:30
13105,11507,32130,8:55:30
13564,11507,32130,8:55:30
16564,11502,32130,8:55:30
16754,11502,32130,8:55:30
16851,11502,32130,8:55:30
16965,11300,32130,8:55:30
17967,11502,32130,8:55:30
17996,11502,32130,8:55:30
18062,11507,32130,8:55:30
18132,11502,32130,8:55:30
19120,11502,32130,8:55:30
11533,11502,32140,8:55:40
12188,11504,32140,8:55:40
12405,11502,32140,8:55:40
12459,11502,32140,8:55:40
14582,11507,32140,8:55:40
16185,11502,32140,8:55:40
17013,11300,32140,8:55:40
19338,11502,32140,8:55:40
10127,11502,32150,8:55:50
11478,11504,32150,8:55:50
13556,11300,32150,8:55:50
13674,11502,32150,8:55:50
14676,11502,32150,8:55:50
16512,11504,32150,8:55:50
15006,11300,32160,8:56:00
16418,11507,32160,8:56:00
12748,11300,32170,8:56:10
13741,11300,32170,8:56:10
14504,11502,32170,8:56:10
14664,11300,32170,8:56:10
15570,11502,32170,8:56:10
15710,11502,32170,8:56:10
17358,11502,32170,8:56:10
17938,11502,32170,8:56:10
19788,11507,32170,8:56:10
11356,11300,32180,8:56:20
11444,11300,32180,8:56:20
11537,11507,32180,8:56:20
15532,11507,32180,8:56:20
16825,11300,32180,8:56:20
16888,11504,32180,8:56:20
17057,11300,32180,8:56:20
17407,11502,32180,8:56:20
18899,11504,32180,8:56:20
12089,11502,32190,8:56:30
12121,11502,32190,8:56:30
12595,11507,32190,8:56:30
14044,11507,32190,8:56:30
15780,11502,32190,8:56:30
16351,11504,32190,8:56:30
18154,11502,32190,8:56:30
18603,11502,32190,8:56:30
19962,11504,32190,8:56:30
11029,11507,32200,8:56:40
11231,11504,32200,8:56:40
11743,11300,32200,8:56:40
12156,11300,32200,8:56:40
13424,11507,32200,8:56:40
14116,11502,32200,8:56:40
15185,11502,32200,8:56:40
15467,11502,32200,8:56:40
19914,11502,32200,8:56:40
10134,11504,32210,8:56:50
10430,11504,32210,8:56:50
12314,11300,32210,8:56:50
12444,11502,32210,8:56:50
15121,11502,32210,8:56:50
17858,11502,32210,8:56:50
18733,11502,32210,8:56:50
19238,11300,32210,8:56:50
11431,11502,32220,8:57:00
12930,11300,32220,8:57:00
12945,11507,32220,8:57:00
15371,11300,32220,8:57:00
17815,11300,32220,8:57:00
18072,11300,32220,8:57:00
18281,11502,32220,8:57:00
19993,11502,32220,8:57:00
11267,11502,32230,8:57:10
11966,11502,32230,8:57:10
12043,11502,32230,8:57:10
13963,11502,32230,8:57:10
14373,11300,32230,8:57:10
14543,11502,32230,8:57:10
15694,11502,32230,8:57:10
17871,11504,32230,8:57:10
10981,11300,32240,8:57:20
11153,11502,32240,8:57:20
12186,11502,32240,8:57:20
13096,11502,32240,8:57:20
17201,11502,32240,8:57:20
17393,11507,32240,8:57:20
12442,11507,32250,8:57:30
12749,11504,32250,8:57:30
13746,11502,32250,8:57:30
13948,11300,32250,8:57:30
14613,11507,32250,8:57:30
15295,11502,32250,8:57:30
16195,11504,32250,8:57:30
16731,11502,32250,8:57:30
18364,11507,32250,8:57:30
10058,11502,32260,8:57:40
12730,11300,32260,8:57:40
12968,11502,32260,8:57:40
13332,11504,32260,8:57:40
16036,11502,32260,8:57:40
16136,11502,32260,8:57:40
18292,11504,32260,8:57:40
18803,11504,32260,8:57:40
10152,11504,32270,8:57:50
10882,11502,32270,8:57:50
11919,11502,32270,8:57:50
13423,11504,32270,8:57:50
14159,11504,32270,8:57:50
14368,11504,32270,8:57:50
14771,11504,32270,8:57:50
15241,11507,32270,8:57:50
15510,11502,32270,8:57:50
15709,11300,32270,8:57:50
16470,11504,32270,8:57:50
16550,11502,32270,8:57:50
16957,11502,32270,8:57:50
17284,11502,32270,8:57:50
17361,11502,32270,8:57:50
17866,11300,32270,8:57:50
18203,11502,32270,8:57:50
19315,11504,32270,8:57:50
19321,11507,32270,8:57:50
19964,11504,32270,8:57:50
11219,11504,32280,8:58:00
14339,11300,32280,8:58:00
15166,11504,32280,8:58:00
15928,11300,32280,8:58:00
16433,11502,32280,8:58:00
10530,11504,32290,8:58:10
12623,11507,32290,8:58:10
13152,11502,32290,8:58:10
14340,11300,32290,8:58:10
14828,11504,32290,8:58:10
15847,11502,32290,8:58:10
17494,11507,32290,8:58:10
17640,11504,32290,8:58:10
10439,11504,32300,8:58:20
11209,11504,32300,8:58:20
12325,11502,32300,8:58:20
13154,11504,32300,8:58:20
13558,11502,32300,8:58:20
13958,11507,32300,8:58:20
15887,11502,32300,8:58:20
16100,11502,32300,8:58:20
17052,11504,32300,8:58:20
17931,11300,32300,8:58:20
18651,11504,32300,8:58:20
19372,11502,32300,8:58:20
12141,11502,32310,8:58:30
13581,11504,32310,8:58:30
13860,11300,32310,8:58:30
15711,11504,32310,8:58:30
18375,11502,32310,8:58:30
19653,11300,32310,8:58:30
10002,11504,32320,8:58:40
11437,11502,32320,8:58:40
12075,11504,32320,8:58:40
13165,11502,32320,8:58:40
13251,11300,32320,8:58:40
15301,11502,32320,8:58:40
17119,11502,32320,8:58:40
18259,11502,32320,8:58:40
11941,11507,32330,8:58:50
12218,11504,32330,8:58:50
12222,11502,32330,8:58:50
14090,11504,32330,8:58:50
14755,11504,32330,8:58:50
14860,11502,32330,8:58:50
15754,11504,32330,8:58:50
16050,11502,32330,8:58:50
16348,11300,32330,8:58:50
17485,11502,32330,8:58:50
17799,11504,32330,8:58:50
18264,11502,32330,8:58:50
18667,11502,32330,8:58:50
18756,11502,32330,8:58:50
19718,11502,32330,8:58:50
10487,11504,32340,8:59:00
10713,11502,32340,8:59:00
11903,11504,32340,8:59:00
11933,11504,32340,8:59:00
12935,11502,32340,8:59:00
13485,11502,32340,8:59:00
14559,11300,32340,8:59:00
15862,11504,32340,8:59:00
16304,11502,32340,8:59:00
16432,11300,32340,8:59:00
16593,11504,32340,8:59:00
17503,11502,32340,8:59:00
17724,11504,32340,8:59:00
19911,11502,32340,8:59:00
12779,11504,32350,8:59:10
15337,11502,32350,8:59:10
15772,11502,32350,8:59:10
15861,11502,32350,8:59:10
16041,11502,32350,8:59:10
17087,11507,32350,8:59:10
10502,11507,32360,8:59:20
10532,11300,32360,8:59:20
10698,11502,32360,8:59:20
12548,11502,32360,8:59:20
13263,11507,32360,8:59:20
14687,11504,32360,8:59:20
15925,11507,32360,8:59:20
16037,11504,32360,8:59:20
16694,11502,32360,8:59:20
19942,11300,32360,8:59:20
11986,11504,32370,8:59:30
15162,11504,32370,8:59:30
15293,11502,32370,8:59:30
16193,11300,32370,8:59:30
17628,11502,32370,8:59:30
19201,11504,32370,8:59:30
10949,11502,32380,8:59:40
10967,11300,32380,8:59:40
11197,11507,32380,8:59:40
11659,11502,32380,8:59:40
12111,11504,32380,8:59:40
12425,11507,32380,8:59:40
12894,11504,32380,8:59:40
13112,11502,32380,8:59:40
14911,11504,32380,8:59:40
16425,11502,32380,8:59:40
16810,11502,32380,8:59:40
17435,11504,32380,8:59:40
17921,11502,32380,8:59:40
18812,11502,32380,8:59:40
18914,11507,32380,8:59:40
10080,11502,32390,8:59:50
14326,11300,32390,8:59:50
14766,11504,32390,8:59:50
14836,11504,32390,8:59:50
15397,11504,32390,8:59:50
15560,11300,32390,8:59:50
15882,11502,32390,8:59:50
16028,11507,32390,8:59:50
16609,11300,32390,8:59:50
18715,11502,32390,8:59:50
18882,11502,32390,8:59:50
19231,11502,32390,8:59:50
19295,11502,32390,8:59:50
19492,11504,32390,8:59:50
19756,11300,32390,8:59:50
12259,11502,32400,9:00:00
12498,11300,32400,9:00:00
12643,11502,32400,9:00:00
12655,11502,32400,9:00:00
12933,11502,32400,9:00:00
13376,11502,32400,9:00:00
13638,11507,32400,9:00:00
14356,11502,32400,9:00:00
14598,11502,32400,9:00:00
15182,11502,32400,9:00:00
15971,11502,32400,9:00:00
16213,11300,32400,9:00:00
16428,11504,32400,9:00:00
16621,11504,32400,9:00:00
16713,11502,32400,9:00:00
17812,11502,32400,9:00:00
18051,11502,32400,9:00:00
18152,11300,32400,9:00:00
18164,11504,32400,9:00:00
18300,11300,32400,9:00:00
10863,11504,32410,9:00:10
11303,11507,32410,9:00:10
11422,11502,32410,9:00:10
12328,11504,32410,9:00:10
12785,11504,32410,9:00:10
12925,11502,32410,9:00:10
13824,11504,32410,9:00:10
18255,11502,32410,9:00:10
19541,11300,32410,9:00:10
19608,11502,32410,9:00:10
10150,11502,32420,9:00:20
10383,11504,32420,9:00:20
10603,11502,32420,9:00:20
10740,11502,32420,9:00:20
13372,11502,32420,9:00:20
14508,11502,32420,9:00:20
14607,11300,32420,9:00:20
14983,11502,32420,9:00:20
19098,11504,32420,9:00:20
19659,11300,32420,9:00:20
13137,11502,32430,9:00:30
14212,11507,32430,9:00:30
14514,11502,32430,9:00:30
14638,11502,32430,9:00:30
15746,11502,32430,9:00:30
15846,11300,32430,9:00:30
16601,11504,32430,9:00:30
17122,11502,32430,9:00:30
17604,11504,32430,9:00:30
17715,11502,32430,9:00:30
17718,11502,32430,9:00:30
17875,11504,32430,9:00:30
18358,11300,32430,9:00:30
19056,11504,32430,9:00:30
19374,11300,32430,9:00:30
19514,11502,32430,9:00:30
10794,11504,32440,9:00:40
11655,11502,32440,9:00:40
12293,11507,32440,9:00:40
12761,11504,32440,9:00:40
13650,11300,32440,9:00:40
16143,11504,32440,9:00:40
16986,11504,32440,9:00:40
17247,11300,32440,9:00:40
18546,11300,32440,9:00:40
10093,11504,32450,9:00:50
10232,11502,32450,9:00:50
11038,11502,32450,9:00:50
11217,11300,32450,9:00:50
13572,11502,32450,9:00:50
17771,11504,32450,9:00:50
18941,11504,32450,9:00:50
19112,11502,32450,9:00:50
11536,11504,32460,9:01:00
13518,11504,32460,9:01:00
13817,11502,32460,9:01:00
14396,11300,32460,9:01:00
16134,11300,32460,9:01:00
16419,11504,32460,9:01:00
17059,11502,32460,9:01:00
17145,11502,32460,9:01:00
11052,11502,32470,9:01:10
12771,11504,32470,9:01:10
13912,11504,32470,9:01:10
14063,11504,32470,9:01:10
14168,11502,32470,9:01:10
14369,11300,32470,9:01:10
14476,11502,32470,9:01:10
14842,11504,32470,9:01:10
15023,11502,32470,9:01:10
15343,11507,32470,9:01:10
16235,11504,32470,9:01:10
18652,11504,32470,9:01:10
19172,11502,32470,9:01:10
12564,11502,32480,9:01:20
15271,11502,32480,9:01:20
16682,11300,32480,9:01:20
16783,11507,32480,9:01:20
17206,11300,32480,9:01:20
17756,11502,32480,9:01:20
18658,11504,32480,9:01:20
18727,11502,32480,9:01:20
19420,11502,32480,9:01:20
19548,11504,32480,9:01:20
19903,11502,32480,9:01:20
10367,11502,32490,9:01:30
11596,11507,32490,9:01:30
11727,11504,32490,9:01:30
11849,11502,32490,9:01:30
13135,11502,32490,9:01:30
13172,11300,32490,9:01:30
15394,11504,32490,9:01:30
16534,11300,32490,9:01:30
17089,11502,32490,9:01:30
17531,11502,32490,9:01:30
18850,11502,32490,9:01:30
10654,11504,32500,9:01:40
12693,11507,32500,9:01:40
13535,11300,32500,9:01:40
14628,11300,32500,9:01:40
16618,11502,32500,9:01:40
16885,11504,32500,9:01:40
17501,11502,32500,9:01:40
17901,11300,32500,9:01:40
18060,11502,32500,9:01:40
18190,11504,32500,9:01:40
18512,11300,32500,9:01:40
10363,11504,32510,9:01:50
11662,11507,32510,9:01:50
11804,11502,32510,9:01:50
13853,11504,32510,9:01:50
15119,11504,32510,9:01:50
15632,11504,32510,9:01:50
17041,11502,32510,9:01:50
17428,11507,32510,9:01:50
18301,11504,32510,9:01:50
19007,11504,32510,9:01:50
19091,11504,32510,9:01:50
19230,11504,32510,9:01:50
19936,11502,32510,9:01:50
10750,11300,32520,9:02:00
12241,11300,32520,9:02:00
12300,11504,32520,9:02:00
12656,11504,32520,9:02:00
13442,11504,32520,9:02:00
14223,11504,32520,9:02:00
14656,11502,32520,9:02:00
17063,11502,32520,9:02:00
17762,11300,32520,9:02:00
18508,11507,32520,9:02:00
18596,11502,32520,9:02:00
19267,11504,32520,9:02:00
10537,11502,32530,9:02:10
10720,11502,32530,9:02:10
11580,11502,32530,9:02:10
11863,11507,32530,9:02:10
12277,11300,32530,9:02:10
12586,11502,32530,9:02:10
12960,11504,32530,9:02:10
13236,11300,32530,9:02:10
13903,11502,32530,9:02:10
13945,11502,32530,9:02:10
14851,11502,32530,9:02:10
16559,11504,32530,9:02:10
16773,11504,32530,9:02:10
18173,11502,32530,9:02:10
18454,11502,32530,9:02:10
19347,11502,32530,9:02:10
19611,11504,32530,9:02:10
11123,11300,32540,9:02:20
12770,11502,32540,9:02:20
13288,11504,32540,9:02:20
15452,11502,32540,9:02:20
15598,11502,32540,9:02:20
16259,11502,32540,9:02:20
18241,11504,32540,9:02:20
19727,11502,32540,9:02:20
10481,11504,32550,9:02:30
10634,11502,32550,9:02:30
11253,11300,32550,9:02:30
11768,11504,32550,9:02:30
11945,11300,32550,9:02:30
11967,11502,32550,9:02:30
12083,11502,32550,9:02:30
13189,11504,32550,9:02:30
13313,11507,32550,9:02:30
13658,11502,32550,9:02:30
13786,11300,32550,9:02:30
14589,11502,32550,9:02:30
14899,11502,32550,9:02:30
16963,11502,32550,9:02:30
17299,11504,32550,9:02:30
17616,11300,32550,9:02:30
17795,11300,32550,9:02:30
17874,11502,32550,9:02:30
11846,11502,32560,9:02:40
12575,11300,32560,9:02:40
13881,11300,32560,9:02:40
14644,11502,32560,9:02:40
15117,11502,32560,9:02:40
17100,11504,32560,9:02:40
18232,11504,32560,9:02:40
18256,11300,32560,9:02:40
19807,11502,32560,9:02:40
11186,11504,32570,9:02:50
11637,11502,32570,9:02:50
11845,11504,32570,9:02:50
12944,11502,32570,9:02:50
14056,11502,32570,9:02:50
15537,11502,32570,9:02:50
17376,11300,32570,9:02:50
18250,11507,32570,9:02:50
18297,11502,32570,9:02:50
19198,11300,32570,9:02:50
19237,11502,32570,9:02:50
19278,11502,32570,9:02:50
19400,11502,32570,9:02:50
19475,11300,32570,9:02:50
11419,11504,32580,9:03:00
11818,11300,32580,9:03:00
12440,11502,32580,9:03:00
12624,11502,32580,9:03:00
15214,11502,32580,9:03:00
16325,11300,32580,9:03:00
17446,11502,32580,9:03:00
19669,11300,32580,9:03:00
10649,11504,32590,9:03:10
10997,11502,32590,9:03:10
15184,11502,32590,9:03:10
17483,11502,32590,9:03:10
17987,11300,32590,9:03:10
18641,11502,32590,9:03:10
19742,11300,32590,9:03:10
19777,11504,32590,9:03:10
19859,11300,32590,9:03:10
11116,11507,32600,9:03:20
11277,11300,32600,9:03:20
11937,11502,32600,9:03:20
12376,11504,32600,9:03:20
12642,11502,32600,9:03:20
15439,11504,32600,9:03:20
15712,11502,32600,9:03:20
16174,11502,32600,9:03:20
16767,11300,32600,9:03:20
17242,11300,32600,9:03:20
10936,11504,32610,9:03:30
12001,11502,32610,9:03:30
12219,11504,32610,9:03:30
12986,11502,32610,9:03:30
12988,11300,32610,9:03:30
13542,11502,32610,9:03:30
13922,11507,32610,9:03:30
17661,11502,32610,9:03:30
18909,11300,32610,9:03:30
10170,11502,32620,9:03:40
10492,11502,32620,9:03:40
11393,11502,32620,9:03:40
11652,11502,32620,9:03:40
14645,11502,32620,9:03:40
15922,11502,32620,9:03:40
16057,11504,32620,9:03:40
16220,11300,32620,9:03:40
16619,11300,32620,9:03:40
17960,11502,32620,9:03:40
10117,11504,32630,9:03:50
11001,11300,32630,9:03:50
11232,11504,32630,9:03:50
11682,11504,32630,9:03:50
13234,11502,32630,9:03:50
14464,11502,32630,9:03:50
14712,11502,32630,9:03:50
16868,11504,32630,9:03:50
10175,11504,32640,9:04:00
10514,11502,32640,9:04:00
11279,11507,32640,9:04:00
11704,11502,32640,9:04:00
12807,11502,32640,9:04:00
13155,11502,32640,9:04:00
14022,11502,32640,9:04:00
14657,11504,32640,9:04:00
14988,11502,32640,9:04:00
15154,11502,32640,9:04:00
15222,11502,32640,9:04:00
16167,11502,32640,9:04:00
16778,11502,32640,9:04:00
17814,11504,32640,9:04:00
17913,11502,32640,9:04:00
18165,11502,32640,9:04:00
18430,11300,32640,9:04:00
18580,11507,32640,9:04:00
18645,11507,32640,9:04:00
18916,11300,32640,9:04:00
18921,11502,32640,9:04:00
11516,11300,32650,9:04:10
11615,11502,32650,9:04:10
12072,11502,32650,9:04:10
14196,11300,32650,9:04:10
15530,11504,32650,9:04:10
15559,11502,32650,9:04:10
15654,11502,32650,9:04:10
16209,11504,32650,9:04:10
18924,11300,32650,9:04:10
19257,11504,32650,9:04:10
19279,11504,32650,9:04:10
10467,11502,32660,9:04:20
12160,11502,32660,9:04:20
12194,11502,32660,9:04:20
12312,11507,32660,9:04:20
12323,11504,32660,9:04:20
12439,11300,32660,9:04:20
12717,11504,32660,9:04:20
13369,11300,32660,9:04:20
15692,11300,32660,9:04:20
15778,11502,32660,9:04:20
15807,11502,32660,9:04:20
16412,11504,32660,9:04:20
16511,11502,32660,9:04:20
18597,11502,32660,9:04:20
18996,11502,32660,9:04:20
19986,11300,32660,9:04:20
10171,11504,32670,9:04:30
11213,11300,32670,9:04:30
12820,11502,32670,9:04:30
14468,11504,32670,9:04:30
14562,11300,32670,9:04:30
16378,11504,32670,9:04:30
16716,11502,32670,9:04:30
16812,11502,32670,9:04:30
17497,11300,32670,9:04:30
18741,11300,32670,9:04:30
18828,11504,32670,9:04:30
19409,11300,32670,9:04:30
19519,11504,32670,9:04:30
19958,11507,32670,9:04:30
11756,11502,32680,9:04:40
13844,11300,32680,9:04:40
15302,11502,32680,9:04:40
15593,11502,32680,9:04:40
17975,11507,32680,9:04:40
17050,11502,32690,9:04:50
18873,11502,32690,9:04:50
10041,11300,32700,9:05:00
10498,11300,32700,9:05:00
12023,11300,32700,9:05:00
13051,11300,32700,9:05:00
13204,11502,32700,9:05:00
13728,11504,32700,9:05:00
14503,11502,32700,9:05:00
17717,11504,32700,9:05:00
11141,11502,32710,9:05:10
13182,11502,32710,9:05:10
13716,11502,32710,9:05:10
15826,11502,32710,9:05:10
11225,11504,32720,9:05:20
12281,11502,32720,9:05:20
13868,11502,32720,9:05:20
15749,11300,32720,9:05:20
10112,11502,32730,9:05:30
12389,11502,32730,9:05:30
12696,11504,32730,9:05:30
14774,11502,32730,9:05:30
19833,11504,32730,9:05:30
10483,11300,32740,9:05:40
11640,11504,32740,9:05:40
13199,11502,32740,9:05:40
16646,11502,32740,9:05:40
17095,11504,32740,9:05:40
18293,11502,32740,9:05:40
19018,11502,32740,9:05:40
10033,11502,32750,9:05:50
10335,11502,32750,9:05:50
11302,11300,32750,9:05:50
11432,11502,32750,9:05:50
13383,11502,32750,9:05:50
13483,11300,32750,9:05:50
13686,11504,32750,9:05:50
15700,11300,32750,9:05:50
17444,11504,32750,9:05:50
19058,11502,32750,9:05:50
12014,11300,32760,9:06:00
15318,11300,32760,9:06:00
16635,11504,32760,9:06:00
19350,11502,32760,9:06:00
15410,11502,32770,9:06:10
15789,11504,32770,9:06:10
16771,11504,32770,9:06:10
19057,11502,32770,9:06:10
14051,11502,32780,9:06:20
15107,11502,32780,9:06:20
16557,11502,32780,9:06:20
18855,11504,32780,9:06:20
12041,11504,32790,9:06:30
13340,11502,32790,9:06:30
13838,11502,32790,9:06:30
17093,11504,32790,9:06:30
17175,11504,32790,9:06:30
10796,11502,32800,9:06:40
11103,11504,32800,9:06:40
13311,11504,32800,9:06:40
13454,11502,32800,9:06:40
18166,11502,32810,9:06:50
18222,11300,32810,9:06:50
10339,11504,32820,9:07:00
16647,11504,32820,9:07:00
17040,11502,32820,9:07:00
10431,11502,32830,9:07:10
18990,11502,32830,9:07:10
13700,11504,32840,9:07:20
14489,11504,32840,9:07:20
18290,11502,32840,9:07:20
11928,11504,32850,9:07:30
12157,11300,32850,9:07:30
12733,11502,32850,9:07:30
14335,11504,32850,9:07:30
15084,11502,32850,9:07:30
17823,11504,32850,9:07:30
18731,11502,32850,9:07:30
19743,11502,32850,9:07:30
11316,11300,32860,9:07:40
12574,11507,32860,9:07:40
16402,11300,32860,9:07:40
16501,11502,32860,9:07:40
19250,11300,32860,9:07:40
19945,11300,32870,9:07:50
11482,11300,32880,9:08:00
11496,11502,32880,9:08:00
15790,11504,32880,9:08:00
15040,11502,32890,9:08:10
15336,11504,32890,9:08:10
15886,11502,32890,9:08:10
11541,11502,32900,9:08:20
11710,11300,32900,9:08:20
13900,11504,32900,9:08:20
12654,11504,32910,9:08:30
16928,11300,32910,9:08:30
17877,11502,32910,9:08:30
17134,11502,32920,9:08:40
19178,11300,32920,9:08:40
19591,11504,32920,9:08:40
11528,11300,32930,9:08:50
14750,11502,32930,9:08:50
16368,11504,32930,9:08:50
16718,11300,32930,9:08:50
19658,11300,32930,9:08:50
13100,11504,32940,9:09:00
17685,11502,32940,9:09:00
17809,11502,32940,9:09:00
18080,11300,32940,9:09:00
19455,11502,32940,9:09:00
15591,11502,32950,9:09:10
16852,11300,32950,9:09:10
18922,11502,32950,9:09:10
19551,11300,32950,9:09:10
19730,11300,32950,9:09:10
13669,11504,32960,9:09:20
14805,11504,32960,9:09:20
10665,11300,32970,9:09:30
13350,11502,32970,9:09:30
13412,11502,32970,9:09:30
14797,11502,32970,9:09:30
14915,11502,32970,9:09:30
17101,11504,32970,9:09:30
15170,11502,32980,9:09:40
15376,11502,32980,9:09:40
11228,11502,32990,9:09:50
16762,11502,32990,9:09:50
17825,11504,32990,9:09:50
11877,11502,33000,9:10:00
12366,11504,33000,9:10:00
15748,11502,33000,9:10:00
16863,11502,33000,9:10:00
16162,11502,33010,9:10:10
17290,11504,33010,9:10:10
17418,11504,33010,9:10:10
19114,11502,33010,9:10:10
11330,11502,33020,9:10:20
14134,11502,33020,9:10:20
15478,11300,33020,9:10:20
18148,11300,33020,9:10:20
18752,11502,33020,9:10:20
12202,11504,33030,9:10:30
12621,11502,33030,9:10:30
13984,11502,33030,9:10:30
17400,11300,33030,9:10:30
18618,11502,33030,9:10:30
18997,11504,33030,9:10:30
19818,11300,33030,9:10:30
11601,11504,33040,9:10:40
18340,11504,33040,9:10:40
19649,11502,33040,9:10:40
14313,11502,33050,9:10:50
15543,11502,33050,9:10:50
16604,11300,33050,9:10:50
11833,11504,33060,9:11:00
13164,11502,33060,9:11:00
18555,11502,33060,9:11:00
13894,11300,33070,9:11:10
14924,11504,33070,9:11:10
15183,11502,33070,9:11:10
17963,11502,33070,9:11:10
19896,11504,33070,9:11:10
10460,11300,33080,9:11:20
19276,11502,33080,9:11:20
18472,11504,33090,9:11:30
18676,11502,33090,9:11:30
13125,11502,33100,9:11:40
16528,11300,33100,9:11:40
16803,11504,33100,9:11:40
17349,11504,33100,9:11:40
12489,11300,33110,9:11:50
17042,11504,33110,9:11:50
17481,11502,33110,9:11:50
16076,11300,33120,9:12:00
16383,11300,33120,9:12:00
17915,11300,33120,9:12:00
13896,11502,33130,9:12:10
14018,11504,33130,9:12:10
15227,11502,33130,9:12:10
15983,11502,33140,9:12:20
19108,11504,33140,9:12:20
16229,11300,33150,9:12:30
18240,11504,33150,9:12:30
15034,11504,33160,9:12:40
16437,11504,33160,9:12:40
17269,11504,33160,9:12:40
18975,11300,33160,9:12:40
12943,11502,33170,9:12:50
13920,11502,33170,9:12:50
14081,11300,33170,9:12:50
15659,11300,33170,9:12:50
15813,11504,33170,9:12:50
18788,11504,33170,9:12:50
19736,11502,33170,9:12:50
14433,11504,33180,9:13:00
14452,11502,33180,9:13:00
17980,11504,33180,9:13:00
10462,11502,33190,9:13:10
11040,11504,33190,9:13:10
11075,11300,33190,9:13:10
11080,11300,33190,9:13:10
11581,11502,33190,9:13:10
11753,11300,33190,9:13:10
13536,11502,33190,9:13:10
17824,11502,33190,9:13:10
10032,11502,33200,9:13:20
10707,11300,33200,9:13:20
14967,11504,33200,9:13:20
15321,11504,33200,9:13:20
17217,11502,33200,9:13:20
12306,11300,33210,9:13:30
14412,11502,33210,9:13:30
15019,11300,33210,9:13:30
15137,11502,33210,9:13:30
17073,11502,33210,9:13:30
17522,11300,33210,9:13:30
12423,11502,33220,9:13:40
17500,11502,33220,9:13:40
18185,11504,33220,9:13:40
12458,11504,33230,9:13:50
15668,11300,33230,9:13:50
18630,11502,33230,9:13:50
12263,11502,33240,9:14:00
15468,11300,33240,9:14:00
18958,11300,33240,9:14:00
19809,11300,33240,9:14:00
13677,11504,33250,9:14:10
15980,11502,33250,9:14:10
15314,11504,33260,9:14:20
15995,11504,33260,9:14:20
18174,11502,33260,9:14:20
11885,11502,33270,9:14:30
13595,11502,33270,9:14:30
14086,11300,33270,9:14:30
14098,11504,33270,9:14:30
15016,11502,33270,9:14:30
10515,11502,33280,9:14:40
13055,11502,33280,9:14:40
14727,11502,33280,9:14:40
15127,11502,33280,9:14:40
19733,11300,33280,9:14:40
16518,11504,33290,9:14:50
18770,11502,33290,9:14:50
18973,11502,33290,9:14:50
19579,11502,33290,9:14:50
10440,11300,33300,9:15:00
10513,11502,33300,9:15:00
10877,11502,33300,9:15:00
11466,11502,33300,9:15:00
16772,11504,33300,9:15:00
18114,11504,33300,9:15:00
12205,11300,33310,9:15:10
12433,11502,33310,9:15:10
13106,11502,33310,9:15:10
14272,11502,33310,9:15:10
19511,11502,33310,9:15:10
19926,11502,33310,9:15:10
10832,11502,33320,9:15:20
18858,11300,33320,9:15:20
18923,11502,33320,9:15:20
19933,11300,33320,9:15:20
10842,11504,33330,9:15:30
11300,11504,33330,9:15:30
12206,11502,33330,9:15:30
13955,11504,33330,9:15:30
19341,11504,33330,9:15:30
19389,11502,33330,9:15:30
11907,11300,33350,9:15:50
13360,11502,33350,9:15:50
15948,11502,33350,9:15:50
16931,11502,33350,9:15:50
19180,11502,33350,9:15:50
10157,11502,33360,9:16:00
11781,11502,33360,9:16:00
13242,11300,33360,9:16:00
14775,11504,33360,9:16:00
10228,11502,33370,9:16:10
11206,11300,33370,9:16:10
11634,11502,33370,9:16:10
17074,11504,33370,9:16:10
10088,11502,33380,9:16:20
12818,11300,33380,9:16:20
13425,11502,33380,9:16:20
15260,11300,33380,9:16:20
16089,11504,33380,9:16:20
16142,11504,33380,9:16:20
18257,11300,33380,9:16:20
14238,11504,33390,9:16:30
14558,11502,33390,9:16:30
15112,11502,33390,9:16:30
13004,11502,33400,9:16:40
13605,11502,33400,9:16:40
14347,11300,33400,9:16:40
16479,11300,33400,9:16:40
16712,11502,33400,9:16:40
17086,11502,33400,9:16:40
17903,11504,33400,9:16:40
18842,11300,33400,9:16:40
14301,11300,33410,9:16:50
18429,11502,33410,9:16:50
14233,11502,33420,9:17:00
15834,11504,33420,9:17:00
18234,11504,33420,9:17:00
10399,11504,33430,9:17:10
10458,11300,33430,9:17:10
12414,11502,33430,9:17:10
13908,11502,33430,9:17:10
14743,11502,33430,9:17:10
15986,11502,33430,9:17:10
17090,11502,33430,9:17:10
18025,11502,33430,9:17:10
11006,11502,33440,9:17:20
11508,11504,33440,9:17:20
10662,11504,33450,9:17:30
14990,11300,33450,9:17:30
15850,11502,33450,9:17:30
19052,11504,33450,9:17:30
14322,11502,33460,9:17:40
10239,11504,33470,9:17:50
12712,11502,33470,9:17:50
13591,11502,33470,9:17:50
14255,11300,33470,9:17:50
16121,11300,33470,9:17:50
18276,11502,33470,9:17:50
19769,11502,33470,9:17:50
10262,11300,33480,9:18:00
13231,11502,33480,9:18:00
14321,11504,33480,9:18:00
17019,11502,33480,9:18:00
18772,11502,33480,9:18:00
11636,11504,33490,9:18:10
12216,11504,33490,9:18:10
17651,11502,33490,9:18:10
12119,11504,33500,9:18:20
12558,11300,33500,9:18:20
16300,11300,33500,9:18:20
19787,11502,33500,9:18:20
11908,11502,33510,9:18:30
14376,11502,33510,9:18:30
10880,11502,33520,9:18:40
11344,11300,33520,9:18:40
11430,11502,33520,9:18:40
11665,11502,33520,9:18:40
12746,11300,33520,9:18:40
14456,11502,33520,9:18:40
19443,11504,33520,9:18:40
11551,11504,33530,9:18:50
13146,11504,33530,9:18:50
10790,11502,33540,9:19:00
10970,11502,33540,9:19:00
11236,11504,33540,9:19:00
15860,11300,33540,9:19:00
16784,11504,33540,9:19:00
17338,11504,33540,9:19:00
19607,11300,33540,9:19:00
11973,11502,33550,9:19:10
15033,11504,33550,9:19:10
16881,11502,33550,9:19:10
18818,11502,33550,9:19:10
11842,11504,33560,9:19:20
12135,11502,33560,9:19:20
19090,11300,33560,9:19:20
19100,11502,33560,9:19:20
10850,11502,33570,9:19:30
12297,11502,33570,9:19:30
17414,11300,33570,9:19:30
10956,11502,33580,9:19:40
11022,11502,33580,9:19:40
12327,11502,33580,9:19:40
12468,11502,33580,9:19:40
14300,11300,33580,9:19:40
14358,11504,33580,9:19:40
18642,11504,33580,9:19:40
19047,11504,33580,9:19:40
15666,11504,33590,9:19:50
16328,11502,33590,9:19:50
11087,11502,33600,9:20:00
15464,11504,33600,9:20:00
10310,11300,33610,9:20:10
13753,11504,33610,9:20:10
17590,11300,33610,9:20:10
18576,11502,33610,9:20:10
19243,11502,33610,9:20:10
19817,11502,33610,9:20:10
11654,11502,33620,9:20:20
18516,11300,33620,9:20:20
19954,11502,33620,9:20:20
11993,11502,33630,9:20:30
15702,11502,33630,9:20:30
18571,11504,33630,9:20:30
15147,11504,33640,9:20:40
17793,11300,33640,9:20:40
18680,11502,33640,9:20:40
18928,11502,33640,9:20:40
18986,11504,33640,9:20:40
11693,11502,33650,9:20:50
13029,11502,33650,9:20:50
13775,11504,33650,9:20:50
15064,11504,33650,9:20:50
16659,11502,33650,9:20:50
17999,11504,33650,9:20:50
18671,11300,33650,9:20:50
10538,11502,33660,9:21:00
10898,11502,33660,9:21:00
11146,11504,33660,9:21:00
11733,11502,33660,9:21:00
11785,11504,33660,9:21:00
14523,11502,33660,9:21:00
16461,11502,33660,9:21:00
16889,11502,33660,9:21:00
17821,11502,33660,9:21:00
18579,11502,33660,9:21:00
19493,11504,33660,9:21:00
11211,11502,33670,9:21:10
12403,11502,33670,9:21:10
14385,11300,33670,9:21:10
15932,11502,33670,9:21:10
16952,11502,33670,9:21:10
18757,11502,33670,9:21:10
13660,11300,33680,9:21:20
13731,11502,33680,9:21:20
17245,11502,33680,9:21:20
19126,11300,33680,9:21:20
12018,11504,33690,9:21:30
14845,11300,33690,9:21:30
18261,11300,33690,9:21:30
11944,11504,33700,9:21:40
18385,11502,33700,9:21:40
19042,11300,33700,9:21:40
19535,11300,33700,9:21:40
13011,11300,33710,9:21:50
13673,11502,33710,9:21:50
15213,11502,33710,9:21:50
15957,11502,33710,9:21:50
16334,11502,33710,9:21:50
18624,11502,33710,9:21:50
15628,11502,33720,9:22:00
17262,11504,33720,9:22:00
18230,11502,33720,9:22:00
19895,11504,33720,9:22:00
10566,11502,33730,9:22:10
15095,11502,33730,9:22:10
15203,11300,33730,9:22:10
15955,11504,33730,9:22:10
19604,11502,33730,9:22:10
10281,11502,33740,9:22:20
12589,11300,33740,9:22:20
19380,11502,33740,9:22:20
10109,11502,33750,9:22:30
10824,11300,33750,9:22:30
11457,11502,33750,9:22:30
12139,11502,33750,9:22:30
15684,11300,33750,9:22:30
12946,11300,33760,9:22:40
12947,11502,33760,9:22:40
14584,11502,33760,9:22:40
18549,11502,33760,9:22:40
10991,11504,33770,9:22:50
11335,11504,33770,9:22:50
14502,11504,33770,9:22:50
14537,11502,33770,9:22:50
14039,11300,33780,9:23:00
14107,11502,33780,9:23:00
14273,11300,33780,9:23:00
19006,11300,33780,9:23:00
16391,11300,33790,9:23:10
17647,11502,33790,9:23:10
19572,11504,33790,9:23:10
17752,11502,33800,9:23:20
13067,11504,33810,9:23:30
13464,11300,33810,9:23:30
16416,11502,33810,9:23:30
12112,11504,33820,9:23:40
12713,11504,33820,9:23:40
13366,11502,33820,9:23:40
14630,11502,33820,9:23:40
16091,11502,33820,9:23:40
18583,11502,33820,9:23:40
16976,11300,33830,9:23:50
19226,11502,33830,9:23:50
19569,11502,33830,9:23:50
10656,11502,33840,9:24:00
13381,11502,33840,9:24:00
17014,11502,33840,9:24:00
10287,11502,33850,9:24:10
15823,11502,33850,9:24:10
16149,11502,33850,9:24:10
17581,11300,33850,9:24:10
12292,11300,33860,9:24:20
14673,11502,33860,9:24:20
11405,11504,33870,9:24:30
12010,11502,33870,9:24:30
12237,11300,33870,9:24:30
16360,11300,33870,9:24:30
18305,11504,33870,9:24:30
19013,11502,33870,9:24:30
14305,11502,33880,9:24:40
15777,11502,33880,9:24:40
15825,11300,33880,9:24:40
17885,11504,33880,9:24:40
17968,11502,33880,9:24:40
18589,11502,33880,9:24:40
11015,11502,33890,9:24:50
18014,11502,33890,9:24:50
18904,11504,33890,9:24:50
13289,11502,33900,9:25:00
13499,11504,33900,9:25:00
10896,11300,33910,9:25:10
13585,11300,33910,9:25:10
14176,11502,33910,9:25:10
15305,11502,33910,9:25:10
16423,11502,33910,9:25:10
18982,11504,33910,9:25:10
19344,11300,33910,9:25:10
19921,11502,33910,9:25:10
10814,11300,33920,9:25:20
11816,11300,33920,9:25:20
14555,11502,33920,9:25:20
16801,11502,33920,9:25:20
17614,11300,33920,9:25:20
18128,11300,33920,9:25:20
11167,11502,33930,9:25:30
11404,11502,33930,9:25:30
12302,11502,33930,9:25:30
12345,11300,33930,9:25:30
13486,11300,33930,9:25:30
11955,11502,33940,9:25:40
12869,11502,33940,9:25:40
15294,11300,33940,9:25:40
15633,11300,33940,9:25:40
16270,11300,33940,9:25:40
10951,11502,33950,9:25:50
11366,11504,33950,9:25:50
12479,11502,33950,9:25:50
13648,11502,33950,9:25:50
19940,11504,33950,9:25:50
10202,11300,33960,9:26:00
12040,11300,33960,9:26:00
16607,11300,33960,9:26:00
17370,11502,33960,9:26:00
14822,11502,33970,9:26:10
14936,11502,33970,9:26:10
10686,11300,33980,9:26:20
10688,11300,33980,9:26:20
12882,11502,33980,9:26:20
17205,11502,33980,9:26:20
11265,11502,33990,9:26:30
12833,11300,33990,9:26:30
15917,11502,33990,9:26:30
17356,11300,33990,9:26:30
10631,11504,34000,9:26:40
11493,11502,34000,9:26:40
17696,11502,34000,9:26:40
18200,11502,34000,9:26:40
11027,11502,34010,9:26:50
14749,11502,34010,9:26:50
16024,11504,34010,9:26:50
16194,11504,34010,9:26:50
15258,11502,34020,9:27:00
17845,11300,34020,9:27:00
10135,11502,34030,9:27:10
10457,11502,34030,9:27:10
13001,11502,34030,9:27:10
14148,11504,34030,9:27:10
18466,11504,34030,9:27:10
19264,11502,34030,9:27:10
10258,11504,34040,9:27:20
10754,11502,34040,9:27:20
12511,11504,34040,9:27:20
15002,11300,34040,9:27:20
16078,11504,34040,9:27:20
16918,11300,34040,9:27:20
17535,11504,34040,9:27:20
18740,11502,34040,9:27:20
19154,11300,34040,9:27:20
10155,11504,34050,9:27:30
10838,11504,34050,9:27:30
10174,11300,34060,9:27:40
17149,11504,34060,9:27:40
17827,11502,34060,9:27:40
10391,11502,34070,9:27:50
11050,11300,34070,9:27:50
13592,11504,34070,9:27:50
16565,11300,34070,9:27:50
17305,11300,34070,9:27:50
18272,11502,34070,9:27:50
18324,11502,34070,9:27:50
18881,11300,34070,9:27:50
19229,11502,34070,9:27:50
12532,11504,34080,9:28:00
18796,11502,34080,9:28:00
18859,11504,34080,9:28:00
10959,11300,34090,9:28:10
11418,11504,34090,9:28:10
13641,11502,34090,9:28:10
15098,11504,34090,9:28:10
12249,11502,34100,9:28:20
14135,11504,34100,9:28:20
14286,11504,34100,9:28:20
14343,11502,34100,9:28:20
15263,11502,34100,9:28:20
16228,11502,34100,9:28:20
16710,11502,34100,9:28:20
17265,11504,34100,9:28:20
18491,11504,34100,9:28:20
10663,11300,34110,9:28:30
11066,11502,34110,9:28:30
16818,11300,34110,9:28:30
18422,11504,34110,9:28:30
18863,11504,34110,9:28:30
10142,11504,34120,9:28:40
10840,11504,34120,9:28:40
10848,11502,34120,9:28:40
12125,11502,34120,9:28:40
12426,11504,34120,9:28:40
13083,11300,34120,9:28:40
13232,11504,34120,9:28:40
14932,11504,34120,9:28:40
18632,11502,34120,9:28:40
12250,11504,34130,9:28:50
19585,11300,34130,9:28:50
13319,11504,34140,9:29:00
14289,11300,34140,9:29:00
14949,11502,34140,9:29:00
10091,11502,34150,9:29:10
10672,11502,34150,9:29:10
12338,11502,34150,9:29:10
12539,11504,34150,9:29:10
15407,11502,34150,9:29:10
15041,11300,34160,9:29:20
17589,11300,34160,9:29:20
18253,11502,34160,9:29:20
18465,11502,34160,9:29:20
15118,11502,34180,9:29:40
18621,11504,34180,9:29:40
10760,11502,34190,9:29:50
17456,11300,34190,9:29:50
10235,11502,34200,9:30:00
12313,11300,34200,9:30:00
14725,11502,34200,9:30:00
19087,11300,34200,9:30:00
17627,11300,34210,9:30:10
17785,11502,34210,9:30:10
16137,11504,34220,9:30:20
16779,11504,34220,9:30:20
17575,11502,34220,9:30:20
10670,11300,34230,9:30:30
17156,11504,34230,9:30:30
11769,11300,34240,9:30:40
18316,11504,34240,9:30:40
12191,11300,34250,9:30:50
16454,11300,34250,9:30:50
15269,11502,34260,9:31:00
15947,11504,34260,9:31:00
16110,11300,34260,9:31:00
16763,11502,34260,9:31:00
10934,11502,34270,9:31:10
13621,11502,34270,9:31:10
15534,11504,34270,9:31:10
10673,11502,34280,9:31:20
11089,11300,34280,9:31:20
11697,11504,34280,9:31:20
14066,11502,34280,9:31:20
19244,11300,34280,9:31:20
12579,11300,34290,9:31:30
13738,11300,34290,9:31:30
15086,11502,34290,9:31:30
15339,11502,34290,9:31:30
18017,11300,34290,9:31:30
19931,11502,34290,9:31:30
12469,11502,34300,9:31:40
17615,11502,34300,9:31:40
10797,11502,34310,9:31:50
14572,11502,34310,9:31:50
14803,11502,34320,9:32:00
14982,11502,34320,9:32:00
17450,11300,34320,9:32:00
11440,11504,34330,9:32:10
11490,11504,34330,9:32:10
12751,11300,34330,9:32:10
10870,11502,34340,9:32:20
12234,11504,34340,9:32:20
14472,11502,34340,9:32:20
17012,11504,34340,9:32:20
13905,11504,34350,9:32:30
17802,11300,34350,9:32:30
18952,11502,34350,9:32:30
18979,11504,34350,9:32:30
14885,11502,34360,9:32:40
15770,11502,34360,9:32:40
19473,11502,34360,9:32:40
12096,11300,34370,9:32:50
12295,11502,34370,9:32:50
15622,11504,34370,9:32:50
19444,11300,34370,9:32:50
10853,11300,34380,9:33:00
12501,11504,34380,9:33:00
14570,11502,34380,9:33:00
16726,11504,34380,9:33:00
17631,11504,34380,9:33:00
18183,11504,34380,9:33:00
10671,11504,34390,9:33:10
11542,11300,34390,9:33:10
13117,11504,34390,9:33:10
13450,11502,34390,9:33:10
14080,11502,34390,9:33:10
16873,11504,34390,9:33:10
17271,11502,34390,9:33:10
17892,11502,34390,9:33:10
10719,11502,34400,9:33:20
15562,11504,34400,9:33:20
17067,11502,34400,9:33:20
19975,11502,34400,9:33:20
14519,11502,34410,9:33:30
17981,11300,34410,9:33:30
18978,11502,34410,9:33:30
10316,11502,34420,9:33:40
10359,11502,34420,9:33:40
14437,11502,34420,9:33:40
12380,11502,34430,9:33:50
14095,11502,34430,9:33:50
15082,11300,34430,9:33:50
15313,11300,34430,9:33:50
16222,11502,34430,9:33:50
16553,11504,34430,9:33:50
19312,11502,34430,9:33:50
11548,11502,34440,9:34:00
11917,11300,34440,9:34:00
15445,11504,34440,9:34:00
14441,11300,34450,9:34:10
17309,11502,34450,9:34:10
18077,11502,34450,9:34:10
10500,11300,34460,9:34:20
15972,11502,34460,9:34:20
16115,11300,34460,9:34:20
16599,11504,34460,9:34:20
12902,11502,34470,9:34:30
17000,11300,34470,9:34:30
18216,11502,34480,9:34:40
19271,11502,34480,9:34:40
13246,11502,34490,9:34:50
18381,11504,34490,9:34:50
10022,11300,34580,9:36:20
18853,11502,34580,9:36:20
18189,11502,34620,9:37:00
13752,11504,34680,9:38:00
11783,11502,34730,9:38:50
19095,11300,34730,9:38:50
10941,11502,34760,9:39:20
17763,11300,34770,9:39:30
16775,11504,34780,9:39:40
15619,11502,34790,9:39:50
12758,11502,34810,9:40:10
14879,11300,34810,9:40:10
19554,11502,34870,9:41:10
19714,11502,34890,9:41:30
12678,11502,34920,9:42:00
17159,11504,34940,9:42:20
14800,11504,34970,9:42:50
11160,11507,34980,9:43:00
18280,11300,34980,9:43:00
13457,11502,35000,9:43:20
12729,11502,35020,9:43:40
12767,11300,35020,9:43:40
10484,11502,35050,9:44:10
16156,11502,35060,9:44:20
18523,11504,35120,9:45:20
10546,11300,35140,9:45:40
18536,11300,35140,9:45:40
15109,11507,35150,9:45:50
17321,11502,35170,9:46:10
19690,11507,35180,9:46:20
15479,11300,35190,9:46:30
12918,11502,35220,9:47:00
13619,11300,35230,9:47:10
10143,11504,35240,9:47:20
19240,11507,35270,9:47:50
13934,11502,35280,9:48:00
11958,11502,35290,9:48:10
13826,11507,35360,9:49:20
14338,11507,36770,10:12:50
13339,11502,37020,10:17:00
10705,11504,37040,10:17:20
14863,11502,37140,10:19:00
12311,11507,37150,10:19:10
13578,11502,37170,10:19:30
15815,11502,37190,10:19:50
18271,11502,37250,10:20:50
12864,11504,37280,10:21:20
15347,11504,37280,10:21:20
14815,11504,37300,10:21:40
14403,11507,37310,10:21:50
19682,11502,37310,10:21:50
16837,11507,37380,10:23:00
17112,11502,37390,10:23:10
14214,11504,37420,10:23:40
18024,11502,37430,10:23:50
19224,11502,37430,10:23:50
14435,11507,37440,10:24:00
17227,11300,37450,10:24:10
15441,11300,37470,10:24:30
19012,11502,37470,10:24:30
17576,11300,37480,10:24:40
15236,11507,37490,10:24:50
11383,11504,37500,10:25:00
17106,11502,37500,10:25:00
11718,11300,37510,10:25:10
19570,11507,37510,10:25:10
11203,11300,37530,10:25:30
13521,11300,37540,10:25:40
17923,11502,37610,10:26:50
11699,11502,37800,10:30:00
15329,11502,37810,10:30:10
17495,11502,37810,10:30:10
13977,11300,37820,10:30:20
19746,11502,37860,10:31:00
14546,11502,37870,10:31:10
14824,11300,37880,10:31:20
11802,11300,37900,10:31:40
12582,11502,37900,10:31:40
15097,11300,37920,10:32:00
12158,11502,38000,10:33:20
18193,11504,38210,10:36:50
16653,11502,38230,10:37:10
17749,11300,38260,10:37:40
10615,11502,38360,10:39:20
19802,11502,38360,10:39:20
11622,11502,38380,10:39:40
10930,11300,38390,10:39:50
16527,11507,38410,10:40:10
19982,11502,38450,10:40:50
14539,11502,38460,10:41:00
10145,11502,38510,10:41:50
14154,11502,38580,10:43:00
14021,11502,38630,10:43:50
16241,11502,38630,10:43:50
10325,11504,38770,10:46:10
11792,11504,38770,10:46:10
18679,11300,38770,10:46:10
18123,11502,38850,10:47:30
16587,11300,38870,10:47:50
11803,11300,38890,10:48:10
11887,11502,38930,10:48:50
11369,11300,38940,10:49:00
18780,11502,38950,10:49:10
14077,11504,38970,10:49:30
17725,11502,38980,10:49:40
13991,11502,39020,10:50:20
16263,11502,39020,10:50:20
12669,11300,39030,10:50:30
11143,11502,39060,10:51:00
12739,11504,39100,10:51:40
10508,11504,39140,10:52:20
13610,11504,39150,10:52:30
13612,11502,39160,10:52:40
15290,11504,39160,10:52:40
13804,11502,39250,10:54:10
14226,11300,39300,10:55:00
15586,11300,39300,10:55:00
15631,11300,39300,10:55:00
15387,11504,39380,10:56:20
11347,11504,39960,11:06:00
16494,11502,39980,11:06:20
14325,11502,40000,11:06:40
10192,11502,40020,11:07:00
12906,11507,40130,11:08:50
11553,11504,40140,11:09:00
10233,11504,40150,11:09:10
19399,11502,40160,11:09:20
10319,11502,40210,11:10:10
13805,11300,40270,11:11:10
10761,11502,40290,11:11:30
18588,11300,40300,11:11:40
14744,11507,40340,11:12:20
10977,11502,40350,11:12:30
11492,11502,40360,11:12:40
14736,11502,40400,11:13:20
18564,11300,40400,11:13:20
16568,11300,40590,11:16:30
19076,11502,40600,11:16:40
12974,11504,40610,11:16:50
11534,11502,40730,11:18:50
10111,11507,40770,11:19:30
17905,11300,40780,11:19:40
11328,11300,40790,11:19:50
16087,11502,40790,11:19:50
19469,11300,40800,11:20:00
14423,11502,40910,11:21:50
16822,11502,40940,11:22:20
16719,11504,40950,11:22:30
13050,11507,41030,11:23:50
18127,11504,41060,11:24:20
11896,11502,41100,11:25:00
18246,11502,41120,11:25:20
18584,11300,41140,11:25:40
11085,11300,41170,11:26:10
18747,11502,41220,11:27:00
15194,11300,41290,11:28:10
19416,11300,41300,11:28:20
18578,11502,41360,11:29:20
15437,11507,41370,11:29:30
14781,11502,41510,11:31:50
12420,11502,41540,11:32:20
14866,11504,41670,11:34:30
14878,11300,41840,11:37:20
13408,11502,41880,11:38:00
19485,11502,41890,11:38:10
14516,11502,41920,11:38:40
18369,11502,42000,11:40:00
