id,xdeal,ydeal
17284,261.4096,301.11845
17286,246.5138,657.01472
17281,299.0396,316.82414
17282,439.2504,606.75965
11988,457.3838,97.16414
10657,260.1742,332.32586
10656,284.4704,274.11596
10659,273.2382,289.39802
10652,476.071,431.98874
11986,291.826,315.89843
17299,492.9548,599.13431
17295,506.1892,135.68309
17297,267.2884,671.99867
17291,319.445,232.27073
17292,292.8342,275.88893
17294,496.1498,116.38439
10668,175.5422,124.57457
10669,289.4688,252.82463
11991,382.1238,282.43166
10660,454.9272,97.52501
10662,512.21,570.51575
10661,467.5084,111.31652
11994,355.939,233.63576
10666,313.5946,197.15651
11996,495.738,575.25413
17269,519.1396,558.93653
18594,520.3182,521.23346
18595,445.328,76.89266
18596,454.1746,397.14125
18590,517.4356,556.61441
17261,458.3068,74.71175
18592,278.0946,289.55492
11966,274.573,337.88012
10634,239.2292,696.39662
11967,292.9194,291.92411
10636,495.667,545.08226
10638,561.1716,165.21167
11969,293.5726,273.44129
11960,502.2558,583.1462
11962,263.9088,223.67261
10631,286.8418,290.85719
10630,434.607,351.20093
10633,256.8798,225.38282
17273,226.719,745.75736
11977,401.3932,280.98818
11979,390.2036,292.11239
10648,469.7946,616.59728
11978,255.3604,262.37984
10649,461.9278,104.20895
10643,265.8542,265.36094
11974,533.9786,171.15818
18575,468.7012,80.81516
17245,459.315,625.49351
18576,517.0664,568.47605
18578,300.5022,291.9398
18572,504.2012,576.35243
17242,420.691,60.0416
18574,379.227,285.9776
10609,260.8416,251.91461
11946,439.435,64.05824
10615,340.1912,186.0323
11945,465.1512,106.93901
18579,502.8522,592.68572
17249,576.9336,286.88762
11941,207.478,88.80137
18586,491.4638,576.96434
18588,270.739,292.47326
17257,228.0396,316.63586
18589,478.3572,539.38679
17251,250.3478,707.00306
18583,497.2432,120.68345
18584,459.8972,72.64067
18580,397.7438,294.59141
18581,284.442,257.13938
11955,424.6244,371.1743
11957,503.193,455.49236
10628,288.8014,285.24017
11958,470.3058,87.05978
10629,268.041,265.45508
10620,308.3122,256.54316
17259,468.261,77.34767
11950,242.8502,314.67461
10621,257.3484,285.25586
11952,396.6504,376.72856
17222,269.2054,294.9209
18553,591.0768,285.71087
14196,273.1956,339.99827
17223,490.0296,604.81409
19887,449.5454,613.8986
18556,282.099,306.01373
19886,300.7436,179.42681
14197,539.119,173.10374
19882,545.6226,215.10587
11919,439.151,58.97468
11923,281.1334,297.47837
11926,563.8696,521.87675
11928,517.6912,566.16962
18557,221.8058,718.72349
17227,246.6558,297.50975
19888,376.0746,269.53448
17228,462.2118,89.44466
17233,647.0532,502.87616
18564,298.3722,324.66914
19895,443.9222,602.7587
17234,472.237,561.1802
17235,379.2838,269.51879
17236,524.777,232.14521
19897,281.4174,277.88156
18567,565.1902,517.53062
18562,451.8884,566.46773
10601,477.136,602.97836
10603,270.8668,294.74831
11934,311.8622,318.22055
10606,508.6032,577.87436
10608,483.1994,131.65076
11938,405.6674,279.51332
10607,582.6704,265.75319
17238,435.2318,347.38826
19899,500.2536,595.18043
17239,308.4542,196.19942
11930,443.0418,89.77415
19063,461.374,99.51764
19060,454.3734,603.91976
11107,398.1698,280.39196
12439,460.6498,88.56602
11100,463.7454,111.74015
13763,261.509,327.30506
12432,447.2592,362.84291
12436,361.3776,183.45914
12434,452.925,72.1229
13766,584.559,259.03787
13770,379.8518,246.67415
19078,306.5088,226.76354
19079,463.2058,77.50457
19076,271.7756,325.73606
19072,578.9784,292.36343
16807,442.3886,616.59728
12449,674.5586,320.19749
12443,473.9552,98.74883
11111,466.344,619.75097
12444,367.938,237.00911
13775,514.34,570.45299
16804,284.6408,313.54493
12447,242.1686,294.81107
16802,223.7654,305.96666
12445,483.4266,114.25055
11116,339.3392,234.84389
19049,578.2826,264.65489
19048,190.5374,512.50982
19045,287.0548,315.85136
13747,381.1582,256.90403
13741,265.7832,653.40602
12414,486.6074,593.32901
13746,293.1608,618.73112
13744,280.2956,314.94134
12413,380.2352,256.74713
19056,444.5754,613.82015
19051,384.5804,268.51463
19054,298.8124,599.95019
19053,563.1028,255.16244
12429,509.0718,173.68427
13758,453.4078,628.19219
13752,318.1528,284.0948
12420,306.4236,288.78611
12426,372.4394,508.74422
19027,479.6352,473.72414
19026,289.4262,692.91344
19023,497.513,576.07001
19022,367.8954,228.37961
10690,495.951,534.02081
13727,577.1466,283.1534
13728,490.626,535.19756
10693,473.1316,562.16867
10695,494.7298,440.08478
13724,485.372,604.43753
10698,436.098,81.47414
19034,286.7992,664.29488
19036,384.2964,275.38685
19031,564.5654,271.10348
12407,291.0734,283.40444
13738,458.9316,625.71317
12408,289.554,270.71123
12405,484.2502,137.26778
13736,510.2078,528.21551
12406,460.1812,80.09342
12403,461.6722,75.30797
13735,265.0448,314.40788
12404,395.2446,279.2309
12401,436.6944,393.79928
19005,504.1018,538.21004
19007,296.5404,287.17004
19006,512.5508,565.11839
13705,496.5616,518.94272
13709,483.8242,613.96136
10670,444.9446,631.48709
10673,464.7536,606.06929
10672,470.9022,599.49518
19009,284.0444,328.77992
13702,219.2356,288.62921
13700,490.271,604.35908
19012,250.8164,279.19952
19011,268.7652,269.28344
10680,278.4922,269.3462
19010,272.2158,297.2744
13714,269.106,256.27643
10683,411.8586,286.38554
10685,449.9998,81.38
19019,395.6706,282.38459
10687,504.1302,586.95887
11061,565.3606,224.6297
16752,462.6946,606.11636
15420,264.9454,279.32504
12396,315.8808,304.25645
16750,452.357,357.91625
11065,462.5952,622.62224
12394,272.1022,320.1818
12399,270.171,313.52924
11067,473.9552,604.02959
11066,486.4228,591.91691
11069,307.1762,325.28105
15423,505.962,471.41771
11068,241.8704,301.33811
12398,520.8294,167.76914
15429,408.5358,283.02788
16759,486.721,100.8356
15428,503.4912,563.89457
16758,443.5388,77.09663
16757,465.8612,101.35337
11070,489.3338,593.54867
14100,113.19,123.00557
11074,584.1756,257.56301
16763,481.538,558.52859
14101,440.784,66.88244
15431,316.2784,267.08684
16760,425.1072,73.39379
14104,491.4638,121.21691
15434,444.6038,77.06525
16765,312.274,331.98068
15439,528.2134,158.33945
16769,528.7956,173.54306
15438,565.0482,250.87907
15437,269.9438,194.09696
12373,489.1776,127.22618
12374,263.8804,693.98036
11040,458.96,608.18744
12372,295.7594,285.72656
15409,247.4226,316.43189
15408,493.3524,488.94344
16734,247.1954,278.49347
16733,545.6936,217.97714
11044,328.8596,392.76374
12375,260.9836,273.31577
16732,440.8976,86.27528
15401,400.811,292.77137
11046,443.7518,77.75561
16731,250.0922,317.31053
12376,481.4954,538.44539
15407,448.5372,90.35468
16738,458.7896,96.01877
16737,259.4358,309.81071
15405,302.5044,268.35773
11050,481.5238,536.60966
15410,511.2586,530.56901
16740,332.6368,226.29284
11051,498.862,595.0706
12383,468.4314,113.10518
11056,317.6274,292.94396
16743,241.1888,326.69315
12387,518.103,161.0852
11057,552.893,515.96162
16747,364.8992,246.67415
15416,575.3716,262.2857
16746,236.2046,226.44974
15415,520.5312,554.98265
13682,483.6538,591.21086
13683,463.4756,601.37798
13680,484.1224,115.77248
11021,370.1106,213.74084
16719,312.9982,271.11917
16717,554.9662,212.29736
12355,506.7004,144.90881
11023,427.7342,325.84589
13686,444.3624,603.2294
16711,444.3482,67.91798
13687,453.0244,425.4617
11025,272.23,298.96892
16710,501.134,590.81861
13684,464.427,554.48057
12359,325.0824,294.82676
11026,459.173,263.61935
13688,272.23,299.53376
12357,524.6918,184.74572
11029,338.3026,244.49324
16714,444.5896,638.23379
11028,251.3986,675.67013
16713,522.4908,550.69928
13693,282.1842,257.24921
12362,565.7014,240.55505
13694,549.6696,469.36232
13691,222.5158,272.9549
11032,252.8612,278.87003
16729,494.815,550.62083
13698,690.1644,230.30948
11033,505.0532,127.49291
11035,475.4888,89.63294
11038,320.9502,183.5219
16727,561.0154,454.55096
12368,497.4846,445.71749
14992,478.343,87.16961
13660,515.5896,513.7964
14991,657.4476,175.15913
14990,459.0736,616.70711
11009,232.186,299.40824
12339,275.9078,657.5168
11001,377.8922,253.76603
11000,506.8992,524.49698
13662,308.1276,230.2781
12331,476.4828,540.37526
11002,279.2022,204.35822
13663,443.2832,82.36847
12332,540.8656,175.81811
12337,481.7368,101.63579
12338,244.7672,295.97213
13669,485.9542,577.73315
14998,431.8522,59.14727
13666,312.9414,183.30224
13667,445.2144,94.15166
12340,630.9078,475.43435
12341,486.1104,575.34827
13670,560.9586,529.6433
16707,568.0018,231.20381
16706,505.1384,589.23392
16701,583.4798,279.59177
16700,335.5052,204.10718
16705,288.3754,307.30031
16703,560.2628,245.95241
11018,460.735,368.22458
12347,492.7702,547.02782
17200,468.5024,617.25626
17201,269.0492,275.10443
14172,518.103,552.62915
19860,442.63,82.65089
14170,456.0632,619.17044
11902,259.8476,302.43641
11901,466.3582,118.03184
11904,266.3086,242.90855
11903,281.2896,613.96136
17208,244.9802,266.91425
17209,539.3036,211.10492
14179,434.6496,71.88755
17204,548.8744,197.75273
18536,277.9952,278.38364
18538,246.4144,287.59367
19874,455.6372,64.76429
17212,293.6578,207.71588
17214,264.4342,652.35479
14188,290.5622,341.06519
18540,493.7784,539.60645
11908,460.7492,600.54641
11907,567.874,250.29854
14180,537.1878,201.14177
11917,463.078,566.70308
17219,509.7534,473.26913
18546,254.7072,264.37247
19878,449.7584,91.5785
18548,523.3996,191.11586
18549,385.4324,254.89571
17218,480.1038,586.00178
19879,514.7802,576.85451
15482,446.7196,62.20682
15481,297.293,307.36307
19842,256.4538,279.63884
18512,499.2596,118.69082
15485,221.7206,327.52472
14154,444.6464,73.09568
18518,467.2528,607.71674
18519,449.588,90.41744
14158,272.8406,321.24872
19845,556.7554,457.97138
18523,430.7872,64.54463
14161,503.406,579.01973
14166,297.9888,311.66213
14164,577.6862,248.88644
14165,472.024,118.31426
14168,494.176,542.0384
15499,325.7782,245.04239
18524,483.739,442.20293
19855,495.8232,588.81029
19857,570.3732,277.1912
15461,350.8554,387.06827
14130,291.613,236.00495
15460,472.0524,113.26208
16790,244.1566,711.77282
16796,297.9888,342.47729
14133,452.0304,632.49125
15464,452.5984,604.67288
14132,391.5384,275.65358
15462,511.1734,557.02235
15469,445.1434,78.58718
15467,476.3408,110.12408
14135,473.4298,610.93319
15466,468.8858,134.2553
19823,470.4478,114.97229
19824,529.0654,498.84383
15472,268.9214,280.94111
14144,307.0484,342.49298
15475,270.7816,343.66973
14142,522.931,499.07918
18506,390.587,282.29045
19838,381.0304,249.38852
14148,481.0694,617.00522
15479,268.8504,257.28059
14146,270.2278,251.97737
18508,198.603,84.47093
15478,491.1798,609.16022
19839,445.0298,74.93141
15477,567.3202,276.76757
14147,515.6322,567.04826
19835,305.032,285.44414
11081,494.0624,593.61143
11080,505.5218,574.12445
11083,363.465,175.86518
11085,473.0322,102.21632
11084,326.2752,171.26801
16773,467.2244,81.96053
15441,254.0114,290.91995
14110,235.452,243.42632
11086,501.489,584.93486
14115,385.0774,277.88156
11089,250.8164,322.14305
15447,457.469,83.81195
16778,516.5978,566.23238
14116,455.0408,65.64293
16777,469.8514,87.38927
19804,540.0136,550.85618
19807,389.2948,259.05356
14113,287.211,309.73226
16776,490.2852,427.07777
16775,262.4746,285.22448
19802,271.378,315.9455
11091,450.0992,84.39248
19810,569.2798,260.68532
11096,298.855,591.6188
15453,248.4734,337.73891
14123,270.5118,224.84936
16784,498.1946,535.98206
16783,657.405,174.2648
11098,539.0622,174.7355
15452,582.7982,286.18157
11097,278.1372,316.55741
14121,490.2426,164.33303
15451,388.2866,258.97511
16789,572.3612,248.57264
14126,474.1966,618.15059
15458,485.8264,584.38571
14124,482.674,90.85676
16787,453.067,623.20277
19818,471.4702,562.46678
19812,454.2598,627.14096
19813,318.7776,306.43736
19104,292.5928,313.38803
16077,398.8514,407.732
16076,492.2306,535.54274
16075,489.2628,109.22975
19106,563.7844,249.46697
16078,477.8318,618.46439
13804,369.8408,236.13047
13805,309.5902,352.09526
10777,495.1416,118.64375
10772,473.5434,87.09116
10774,271.449,284.86361
19107,438.5972,73.95863
13801,477.5904,436.57022
10776,513.4312,469.42508
10775,468.261,597.78497
19115,654.7354,582.47153
16087,462.2544,76.70438
19110,180.3276,69.11042
16084,557.65,210.88526
16081,573.7244,260.04203
13813,456.2904,91.34315
13817,263.3976,288.36248
13818,527.333,503.2841
10781,301.8228,172.57028
10780,647.749,498.49865
10785,465.0376,110.95565
13812,503.1362,584.43278
13810,500.069,596.31011
17387,498.4076,580.0082
17385,239.2008,264.07436
16056,515.4476,159.75155
17380,265.2436,611.87459
17381,526.7792,503.2841
17382,255.8006,291.01409
10758,336.343,281.86682
10757,259.9896,273.56681
10750,517.9326,222.29189
17398,502.128,133.45511
16065,447.884,500.80508
16069,381.925,261.14033
17396,328.0218,268.70291
16067,485.4856,449.63999
17391,285.7342,218.46353
17393,286.8986,198.72551
10766,314.1768,310.62659
10761,253.0458,297.88631
10760,495.7948,600.75038
10762,364.2034,56.33876
10765,457.8808,609.85058
18698,261.367,257.56301
17368,504.7976,150.43169
17361,500.8926,146.61902
18692,278.8188,301.90295
16037,492.9548,124.66871
16036,529.4772,185.95385
18693,462.368,616.91108
18695,440.0314,77.3006
16034,393.995,263.94884
18690,437.376,75.71591
10736,489.135,552.04862
10737,309.9452,268.35773
10731,561.5692,497.87105
17378,182.3156,84.25127
16041,430.3328,77.86544
17372,370.4088,157.17839
17375,413.0798,342.60281
16045,164.6934,797.22056
17370,445.541,636.19409
17371,384.8218,267.6203
16040,256.7804,316.46327
10744,650.7026,594.97646
10740,421.4152,412.92539
16011,251.711,256.70006
17344,290.2072,327.02264
18675,563.7844,497.36897
18671,458.7328,572.14751
16012,309.5476,273.00197
18673,445.044,610.74491
10709,502.0712,596.71805
10708,324.0032,276.13997
10712,508.234,554.95127
10711,491.2082,138.41315
10713,401.9328,277.505
16018,286.572,263.66642
16017,286.1176,629.30618
18678,330.2228,258.59855
17349,465.5346,608.76797
18685,286.3164,253.93862
17355,500.282,150.65135
18686,184.3462,84.25127
18687,340.461,154.41695
16024,481.1262,582.40877
17353,453.4788,88.64447
18684,493.6932,135.0398
10723,441.9626,617.52299
10725,451.4482,69.17318
10727,501.9008,586.17437
16028,128.5544,128.99915
18689,430.7872,577.70177
10721,250.7596,335.00885
13880,251.1004,304.58594
19180,484.9034,545.86676
19182,473.7706,95.40686
11229,493.8494,591.00689
16918,501.8298,590.6774
11228,524.9048,564.52217
13884,260.2026,313.01147
11221,280.1678,198.4274
12554,515.1068,209.83403
12551,242.8644,300.0986
13888,334.1846,232.74143
12557,389.1954,484.01678
11225,456.3614,614.35361
16913,236.9288,312.08576
12555,175.0452,64.82705
11226,505.7632,157.60202
16911,507.3536,131.50955
11230,562.3644,216.11003
13890,307.872,117.38855
19196,441.21,88.00118
19190,500.6228,131.47817
19193,467.0256,599.99726
19192,286.6288,275.02598
16929,572.6452,255.94694
11232,439.6906,426.73259
12564,251.072,281.52164
16921,307.6164,343.81094
16920,462.1834,97.5407
11231,528.2702,202.69508
11234,396.3096,276.65774
12563,453.9332,96.39533
12568,450.6246,65.39189
16923,301.34,293.46173
13897,388.4854,471.07253
19165,459.8262,108.97871
19161,375.2368,380.98055
11206,461.3456,96.70913
11209,246.7268,327.63455
13868,474.225,605.66135
13869,229.8998,307.75532
13862,492.1454,442.86191
12532,505.9194,567.84845
11201,317.2298,198.94517
13860,675.936,517.07561
12530,580.1002,285.24017
11203,371.2892,251.74202
13867,289.0286,216.40814
12536,278.407,309.37139
12534,387.1364,275.29271
13870,576.2094,263.57228
19178,523.783,548.45561
19173,439.2646,414.11783
19172,248.374,705.23009
19171,400.8394,273.36284
16907,261.3954,253.6562
11218,484.4916,113.35622
12548,397.1474,283.3103
11219,479.1524,117.10613
16904,554.0432,529.18829
16908,667.3592,230.96846
13873,449.0058,86.51063
12543,263.5254,275.19857
13872,469.539,86.91857
11213,453.6634,99.45488
11216,486.65,107.39402
16900,575.9254,261.62672
13876,585.4536,270.03656
19143,317.3434,301.60484
19145,153.2766,447.09821
19141,234.2876,293.83829
12517,269.2054,298.73357
13849,311.2942,241.49645
12513,472.6488,89.82122
19155,441.8064,81.01913
19154,505.394,584.5583
19157,229.0194,290.30804
19156,504.8118,518.92703
19151,579.6316,265.36094
12528,456.0206,84.47093
12527,466.7132,132.0587
13850,515.3056,179.99165
12524,401.4926,281.01956
12523,235.1396,339.13532
13854,333.5456,248.14901
16099,324.4718,234.27905
10790,516.47,557.16356
19123,517.2794,527.25842
16095,333.0486,269.56586
16094,276.9586,321.86063
13826,284.8112,213.39566
13825,567.3912,258.00233
13828,252.2364,314.20391
10791,272.1164,283.98497
10796,514.8512,565.46357
13820,455.7224,101.11802
19137,665.3286,223.2176
19138,557.934,504.08429
19131,291.684,304.86836
13838,500.7222,585.90764
12504,452.7262,79.84238
12508,565.815,220.72289
12509,267.97,258.56717
13834,500.6796,539.44955
11180,509.0434,569.48021
11182,396.0824,292.23791
11181,502.1564,587.13146
15542,321.6602,245.48171
16872,255.8716,281.44319
11186,262.1764,215.12156
16871,267.0044,308.19464
19908,293.8282,273.84923
19907,492.401,112.08533
14214,280.608,274.41407
19903,449.4602,73.45655
14212,274.3884,229.14842
16875,640.294,488.48843
19906,580.3842,273.2687
14213,337.0388,225.00626
14218,436.3536,335.44817
14219,236.5596,655.53986
16879,255.3746,268.26359
11191,233.4356,304.97819
11193,261.6368,291.18668
11192,258.2004,241.27679
11197,152.7938,117.45131
15550,427.4502,73.2212
11199,268.8362,295.06211
16888,460.593,80.78378
19914,470.2064,104.85224
14226,329.7116,330.28616
19917,561.9952,500.20886
19916,237.3974,289.7432
16885,509.6398,140.67251
14224,517.3078,163.51715
19911,579.8304,280.07816
19910,556.5282,522.23762
14228,305.4296,432.72617
19912,543.2654,193.42229
15558,483.0858,424.22219
12490,565.46,498.68693
11160,659.1658,94.52822
16851,457.8524,96.67775
12492,288.1908,324.60638
12493,326.3604,311.81903
11166,238.1358,291.59462
15524,516.4416,526.0346
11165,497.6124,209.55161
12496,401.5778,285.75794
16858,300.3034,244.47755
11169,198.4894,76.8299
15525,276.3906,279.7016
16856,483.9236,585.8135
11171,550.6494,195.27371
11170,442.5306,96.42671
16862,529.0512,155.45249
14200,360.1422,232.39625
11172,464.5406,78.17924
11175,492.0034,596.70236
11176,253.9972,661.87862
16865,557.7636,458.47346
15533,375.4782,241.43369
11179,540.539,214.91759
15532,334.0994,200.63969
15539,238.292,720.46508
14207,518.1314,527.66636
14205,472.7482,105.96623
15536,256.5532,280.81559
12472,309.2636,262.61519
12473,271.9602,289.02146
12470,276.2486,599.55794
15507,461.374,573.1046
11144,278.478,298.30994
11143,492.0176,420.70763
16832,214.0668,262.4426
12474,274.7434,256.71575
15500,514.9506,133.07855
16831,379.6246,409.36376
15506,246.6416,653.93948
16837,656.8228,144.78329
11148,510.3782,577.35659
15504,363.1384,227.53235
12478,460.8344,621.50825
11149,269.674,265.61198
12480,283.7746,256.7942
11150,334.1278,242.21819
11153,449.162,92.56697
15519,528.8524,184.49468
15518,256.3828,270.6014
16849,509.1712,581.49875
15513,286.8276,323.83757
11154,301.624,275.07305
15512,535.3276,184.7771
12488,462.7514,613.8986
16842,382.5214,247.42727
12486,367.3132,228.75617
15510,309.7606,240.49229
16841,558.4878,458.39501
16848,287.708,248.82368
15515,318.735,259.71254
13781,297.1652,294.4502
19089,447.2734,73.17413
13782,467.2386,593.76833
11120,564.0116,217.55351
19085,279.3016,288.97439
19083,496.59,131.19575
19082,566.7948,259.72823
11129,457.8098,89.88398
16817,114.0846,781.48349
19090,481.0552,96.31688
16811,448.8922,98.21537
13785,565.4174,495.97256
16810,471.9246,110.78306
13786,488.6238,129.62675
13783,301.5246,368.72666
11123,469.5816,80.14049
16815,215.2028,707.99153
12458,500.708,587.80613
13789,469.8514,587.36681
16812,302.6748,239.70779
12457,322.8814,263.80763
11130,490.3562,575.01878
19095,392.7596,266.23958
19097,384.0124,255.94694
19092,317.4996,172.20941
19091,463.0212,619.09199
16829,506.0614,159.31223
16827,460.4794,624.96005
16822,289.1848,254.36225
13796,464.6116,616.66004
13797,364.601,400.53029
12463,434.9904,59.02175
13794,277.839,301.47932
11137,497.442,551.01308
12469,497.5556,583.39724
16825,373.76,245.82689
11136,253.2162,301.55777
16824,508.3618,574.75205
16823,487.6298,111.42635
11138,269.4894,287.42108
17321,258.9104,329.7527
18653,519.4236,178.83059
19986,293.0898,605.06513
17324,372.1128,252.11858
19982,371.3034,251.4596
18651,268.5522,310.97177
17320,489.8592,133.21976
14290,470.249,615.29501
18656,255.5024,317.32622
17325,499.1318,119.00462
19988,637.4114,612.07856
17327,489.632,141.23735
17328,353.5676,384.65201
19995,468.2752,605.91239
16000,515.7174,549.27149
18664,214.9898,350.91851
19994,506.6152,555.13955
19996,289.7812,278.43071
19990,343.7554,505.27673
16002,474.2676,114.56435
19993,484.5058,97.07
19992,364.0472,236.63255
10701,266.9192,321.1232
10703,518.8414,562.96886
10705,383.7142,557.36753
10704,446.4356,90.84107
18667,429.1258,63.91703
17336,481.5096,125.61011
17338,512.068,519.46049
19962,300.0478,278.93279
19961,536.2506,191.57087
17300,466.5428,608.97194
19964,652.3356,486.82529
14276,250.1916,304.8056
19969,475.1338,112.50896
14278,559.78,453.89198
19966,446.2084,348.00017
19965,305.7846,342.27332
17304,533.1266,169.51073
17306,285.7342,230.41931
14288,264.4768,256.1666
18640,282.0138,284.89499
14280,444.6038,88.61309
17318,342.6762,390.12782
17319,392.4046,268.34204
18645,153.66,92.26886
17314,542.172,185.0909
17315,491.4212,543.23084
19976,518.5858,574.68929
18646,442.0904,624.63056
17316,505.6638,593.23487
18648,559.7232,499.81661
19942,627.4998,551.51516
15580,520.7584,162.98369
19941,467.835,377.26202
15586,277.4698,323.58653
14254,553.4468,460.32488
14255,383.0468,558.63842
18616,511.6846,177.4028
19948,245.0938,304.82129
14256,286.2738,635.33114
14257,244.3554,229.71326
15587,357.501,277.505
18613,392.6602,285.45983
19946,409.9132,407.84183
19945,489.2912,539.81042
14261,485.159,111.64601
15595,311.4362,260.90498
14263,296.3842,331.85516
18627,489.2912,437.76266
15598,289.0002,317.05949
18625,355.9816,306.09218
19957,530.4854,179.1287
18626,548.4768,192.01019
15560,488.1836,601.64471
15564,480.1464,112.96397
16894,311.493,270.74261
15563,543.5352,185.53022
14233,491.5206,544.03103
14231,248.8994,273.7394
15561,242.7366,304.30352
19929,437.0352,635.37821
14236,241.3166,300.4124
15568,294.7938,267.99686
19925,314.5602,255.77435
15566,315.3412,285.25586
16896,271.4774,315.61601
15571,453.209,600.29537
15570,246.883,672.34385
19931,489.9302,596.96909
18600,460.7066,613.72601
19930,550.1382,469.0799
15575,463.8164,604.31201
14241,635.4376,470.72735
18609,463.5324,606.57137
18605,538.4374,541.34804
18607,302.0926,204.15425
15577,511.8692,176.83796
19938,456.5034,92.01782
18608,288.2192,234.46733
15576,531.0392,531.98111
18601,256.113,280.65869
19933,303.7398,255.82142
18603,382.919,271.98212
14249,499.3448,114.6428
18604,482.8302,428.08193
16198,571.8358,263.66642
19224,453.0386,102.63995
16195,279.9548,328.07387
19221,376.8698,253.93862
19223,303.328,337.56632
19222,453.2516,68.18471
16199,487.7434,100.09817
16194,513.8004,561.72935
16193,476.426,130.59953
16191,256.894,319.60127
13925,454.4586,599.84036
10898,495.8516,594.19196
13924,380.3488,264.19988
13929,475.5172,121.49933
10891,469.3118,97.93295
13921,282.454,289.82165
19229,508.731,583.11482
19228,661.2674,148.32923
10894,296.5262,172.42907
13922,300.204,207.32363
10897,343.3152,199.03931
10896,478.4992,596.27873
19236,474.083,83.74919
19238,452.1866,82.6352
19237,503.2782,140.92355
19232,568.2574,255.39779
19231,271.733,264.1685
19230,374.683,243.36356
13936,275.4392,218.91854
12605,465.2364,609.05039
12603,288.6452,290.32373
13934,257.9732,314.86289
13935,447.387,66.03518
12604,498.8478,122.92712
13939,514.1554,180.21131
12601,435.1608,76.95542
12602,462.1124,523.13195
19202,252.0518,211.7639
16174,470.178,85.64768
19205,327.8372,176.85365
19204,433.9112,82.6352
16179,239.5984,274.63373
16177,222.246,326.00279
13903,232.8534,287.87609
10877,495.0848,595.5413
10876,273.4796,219.48338
10879,261.6936,259.63409
13901,253.3014,296.14472
13902,451.7606,619.64114
13905,453.9758,597.84773
13906,519.8496,566.46773
10870,292.6212,237.11894
10873,474.1114,590.95982
19209,417.496,376.21079
19214,495.7806,541.69322
16185,285.0242,301.73036
19216,498.0526,538.08452
19215,135.8532,175.17482
16182,647.7774,585.90764
16181,302.6038,223.48433
16180,519.9348,568.35053
10887,236.7016,298.32563
13912,497.2716,567.59741
13913,502.128,593.26625
10880,441.9626,83.16866
10882,236.5596,288.77042
10884,244.5116,287.49953
19218,313.1686,348.09431
10883,563.2022,240.75902
17486,459.8262,623.26553
17487,402.8984,293.85398
17483,259.5778,278.24243
16157,652.0516,485.83682
16156,337.1524,230.35655
16155,473.7848,101.35337
17485,308.2696,267.83996
17481,529.5908,546.98075
10855,481.3392,95.75204
10854,501.489,130.30142
10858,502.9942,123.91559
16159,244.6394,317.57726
17497,461.6722,87.70307
17494,178.5952,75.37073
17495,298.1308,267.32219
17491,461.2178,611.12147
16160,256.0562,285.72656
10865,377.7076,263.66642
10861,563.8128,235.20476
10863,508.7736,145.31675
16132,352.5452,225.53972
18795,445.0156,614.66741
17467,293.8566,310.48538
18798,477.3064,558.55997
17460,664.5902,181.38806
16136,515.8168,172.02113
18792,198.2906,75.90419
18793,272.94,290.87288
17463,656.2548,168.34967
10829,553.2764,529.43933
18790,362.2722,190.59809
10832,496.8456,549.24011
10835,247.38,308.86931
10837,515.3056,575.53655
10836,229.9566,287.93885
16139,233.0806,661.07843
16137,572.9718,474.19484
10830,449.1194,88.55033
16143,267.1464,268.46756
16141,485.3578,594.05075
16147,273.3802,271.98212
16146,502.554,596.49839
16144,286.6288,313.02716
16148,369.6704,235.18907
15708,449.3892,73.23689
10019,281.4458,226.87337
10018,467.125,412.45469
15706,260.0748,284.31446
15705,327.7804,254.56622
15709,484.449,122.58194
12674,254.8776,688.33196
11341,267.8706,281.22353
12672,262.9858,266.44355
10012,449.4886,85.33388
12678,242.5662,281.12939
10015,282.3546,302.38934
10014,379.227,265.75319
12679,342.3638,202.08317
15703,524.1806,186.04799
11345,459.5706,557.64995
15702,507.7512,590.08118
15701,252.492,286.919
11347,267.5156,332.43569
12677,569.4076,257.71991
15719,342.8466,266.2082
15717,284.9958,264.57644
10022,478.7406,119.44394
15711,428.8844,347.74913
15710,505.4224,186.20489
10021,374.5126,251.11442
12686,657.5044,149.85116
11355,327.0704,307.81808
11354,291.542,253.13843
10023,462.7372,617.3504
10026,447.813,92.48852
15715,313.1402,280.87835
11359,574.406,284.78516
15712,377.4804,279.63884
10027,465.9748,107.1116
19289,523.6836,509.21492
19288,551.4446,199.57277
19284,303.186,258.34751
11328,308.8944,297.902
11320,246.6984,340.48466
12653,422.9772,76.2023
12650,241.3024,721.75166
13982,497.3568,418.63655
12651,498.791,446.29802
13987,275.9504,266.55338
12656,494.0482,544.59587
13985,467.2102,551.98586
12655,281.531,280.39196
13986,281.6162,600.16985
13990,559.8226,228.99152
13991,292.749,262.69364
19299,112.8776,781.87574
19293,537.9546,524.1518
19295,290.2498,587.6963
19290,521.4968,159.81431
19291,464.7394,553.93142
11339,311.138,295.04642
12669,294.7796,272.04488
11331,410.3108,300.53792
12664,651.1854,104.38154
12662,449.3466,613.4279
10001,517.0238,571.23749
12668,458.25,85.1456
13999,276.6178,635.7077
10003,411.2764,297.1175
11334,557.2666,505.43363
19269,280.3808,282.79253
19265,448.6366,84.80042
19267,490.5692,521.13932
19266,277.413,629.36894
19261,269.8728,281.00387
19262,475.006,584.90348
12638,519.9348,546.82385
11308,364.4022,373.62194
12636,479.6068,591.76001
13968,479.053,597.59669
12630,290.3776,260.18324
13965,282.7664,317.68709
13966,292.4508,308.36723
11301,568.6976,259.6184
12635,503.2356,590.94413
13963,258.9104,315.22376
11303,194.0022,87.40496
19276,486.721,584.65244
19275,395.1168,271.33883
19278,249.581,650.20526
11317,289.5398,216.39245
11319,466.983,605.17496
12641,476.4118,546.13349
12642,515.3624,579.75716
13973,501.2476,539.66921
13970,263.0994,255.05261
11311,665.3286,231.73727
13977,271.3638,277.56776
12646,351.3524,275.7791
11312,582.429,275.19857
12643,361.4202,242.73596
11314,471.8678,105.74657
13975,558.1328,504.0686
19247,559.567,252.96584
13947,500.0974,116.77664
13948,580.7392,288.04868
13945,286.9696,288.61352
12615,302.4902,233.2592
12612,465.9322,93.16319
13943,546.5314,201.47126
12613,576.323,240.20987
12611,477.491,135.47912
19257,465.705,539.81042
19259,271.662,643.082
19254,473.0606,104.22464
19255,449.2614,85.38095
13958,689.4118,160.81847
13959,478.2294,92.22179
12625,271.7046,320.8094
12626,451.7464,622.27706
12629,490.4272,117.95339
13951,497.8112,113.87399
12620,255.5734,275.74772
13954,251.6542,207.8414
12623,652.1084,162.85817
12624,280.0968,256.65299
12621,505.7348,584.99762
12622,388.9824,264.89024
13953,558.8712,524.01059
15663,655.488,117.04337
13000,513.4028,568.25639
16992,559.0416,456.9986
14335,480.331,549.45977
13005,444.7174,101.65148
14336,471.3424,106.24865
16996,449.5596,91.07642
13003,208.0602,79.87376
13007,276.9444,301.85588
14338,316.7328,182.75309
15670,459.8404,495.4391
13011,486.863,580.14941
15673,291.542,237.71516
14340,475.9432,105.26018
15671,280.9488,229.16411
18708,398.4254,282.47873
18704,258.2146,275.35547
18705,431.3836,66.44312
15675,372.3258,310.89332
18707,551.2174,228.91307
13019,326.616,241.79456
18700,570.8844,512.57258
18701,409.9558,290.73167
16971,356.1662,228.28547
15640,513.0336,577.52918
16975,145.0548,439.112
15644,555.5484,459.83849
11286,552.9356,463.50995
11289,557.295,509.68562
15642,249.013,260.02634
15649,514.553,525.7208
16979,308.6956,215.51381
15647,481.325,590.17532
15646,471.172,123.00557
16977,253.6564,212.95634
11292,382.3084,265.75319
16983,262.9432,303.31505
15652,276.3906,344.0306
14321,468.9994,603.99821
11296,249.2686,305.747
16987,455.9638,101.9339
15656,498.649,579.12956
14325,451.5192,64.71722
11297,301.7802,312.4937
16986,272.2016,336.79751
15655,489.6604,550.0403
15654,461.8,103.15772
14323,287.4808,282.02372
14328,473.16,604.73564
14326,249.2118,289.44509
15658,493.4234,103.37738
14327,494.4458,588.6377
12590,440.5568,85.85165
12593,235.6366,302.79728
11261,569.9756,271.46435
11260,264.491,94.44977
11262,479.479,101.69855
12597,520.9856,570.67265
11265,507.2542,571.28456
16953,293.7714,275.4653
12598,521.085,570.37454
15622,501.0346,594.36455
12595,135.0438,381.07469
11267,485.2868,117.3101
16952,493.7784,546.16487
15620,488.567,130.52108
11269,288.4606,250.72217
15626,269.6172,205.91153
16957,249.3538,653.29619
15630,512.849,149.09804
16960,368.1936,393.59531
16965,368.7758,250.18871
15634,544.3446,474.2576
14303,238.6612,271.24469
11275,363.4082,184.38485
16964,297.293,338.02133
11278,333.0202,226.1987
15632,432.7468,343.74818
14300,518.316,574.87757
15631,479.5642,90.24485
14306,451.5476,80.70533
11279,667.5864,143.93603
15637,242.3248,259.17908
16968,537.0174,540.06146
16967,250.5892,319.67972
14304,511.6278,583.99346
11241,665.3002,153.69521
12570,273.437,623.89313
16939,250.9442,330.70979
16938,280.0542,311.31695
15607,659.0664,525.43838
15601,275.2688,207.10397
15600,267.3168,271.15055
11242,324.1878,332.92208
12576,408.2092,297.7451
12573,497.2716,192.38675
16930,237.4684,278.1326
11245,319.445,204.20132
12574,134.561,391.00646
15605,441.2668,78.32045
16936,476.1562,109.26113
15604,341.7958,315.50618
16935,486.7636,591.60311
15603,478.201,94.60667
12577,318.7634,296.59973
16933,371.1046,247.0664
12582,266.2376,275.12012
12583,292.9904,281.16077
11252,459.315,98.78021
11251,496.235,498.4202
12581,466.5996,102.70271
15619,404.6024,281.49026
15617,417.567,448.62014
12586,275.4676,658.78769
11253,469.1556,75.18245
16947,464.001,621.16307
16946,464.5406,96.09722
11257,457.7388,85.08284
16110,513.985,552.11138
13085,451.4908,101.96528
18774,466.0458,615.45191
17445,258.9388,272.42144
13083,460.4652,612.81599
18776,488.1268,598.5224
18770,440.3012,74.41364
13086,539.8858,202.89905
16111,749.4636,217.91438
18772,505.4224,591.82277
10807,427.4502,610.03886
13080,535.8388,465.98897
10812,468.1474,99.76868
10817,529.0796,198.72551
17446,493.5938,543.10532
17448,479.7488,414.22766
16119,503.2356,134.49065
17454,295.4044,212.83082
13096,253.0884,690.38735
18786,359.5458,350.10263
17455,482.1486,545.39606
18780,463.9726,78.03803
13099,306.1822,342.35177
10819,490.5266,577.74884
10818,242.8644,294.15209
13092,453.635,425.91671
13090,494.4458,601.91144
10821,456.617,87.15392
10826,277.6828,252.60497
16127,368.6338,247.39589
18788,467.9486,563.54939
17458,659.0522,538.19435
18751,502.4404,158.04134
14393,294.8506,315.60032
17421,449.2614,84.518
14394,522.3204,510.59564
14391,293.1324,311.72489
14392,290.8036,215.46674
13067,514.1412,551.06015
14395,557.9908,208.10813
14396,390.019,274.82201
13065,217.5174,312.91733
14399,260.9126,216.03158
18756,272.0596,261.43844
18762,269.5746,271.87229
17432,231.8594,328.62302
18763,476.4402,556.69286
13074,483.2136,549.33425
13072,286.501,245.37188
17434,443.2264,615.64019
18765,521.9512,566.5148
16102,306.4236,349.8359
16100,444.1352,94.60667
17430,474.4238,546.96506
10804,458.2642,94.26149
10803,493.8352,548.29871
17439,289.0286,277.59914
16105,229.1756,284.48705
17435,496.9734,120.80897
18766,482.9296,111.26945
14371,519.8496,573.44978
13041,257.817,287.67212
18730,454.3024,91.79816
14370,475.9432,120.24413
17401,175.3292,76.87697
13044,256.7946,305.10371
14373,450.014,82.61951
17407,264.9028,291.65738
18738,252.1512,285.63242
13049,356.8904,252.52652
14377,397.829,460.02677
18733,281.9712,606.88517
18734,126.112,118.29857
14382,518.7136,553.69607
14383,282.1274,339.91982
18741,483.668,94.93616
14380,488.567,541.63046
13050,275.7374,217.77317
14386,244.8382,311.2385
13055,491.691,548.22026
14387,494.673,544.69001
13054,259.9896,296.00351
18748,496.6042,520.80983
17419,533.5384,183.74156
18744,405.9656,295.51712
18745,277.0296,309.18311
17415,241.7,276.50084
18747,475.645,106.02899
17416,497.7686,579.83561
15680,444.831,79.0265
14350,511.6988,581.53013
13022,252.3216,270.38174
14353,702.206,176.86934
13023,346.709,301.16552
15684,503.9882,582.81671
13021,280.5086,258.09647
15682,406.278,280.72145
14352,538.2244,201.2516
14358,498.2798,581.84393
13024,500.992,124.19801
18718,273.9482,636.14702
14356,546.4178,187.85234
13028,317.6984,313.07423
18714,467.196,78.91667
15692,520.7584,559.06205
13030,265.6838,319.89938
15691,450.44,600.78176
15690,190.935,80.34446
15694,473.4298,117.48269
13032,381.3428,269.61293
14363,373.05,326.55194
14368,518.813,180.80753
18727,278.6058,260.16755
13038,483.6254,121.06001
14369,523.8682,569.60573
18729,457.753,617.77403
18723,517.9326,573.27719
13039,480.2316,125.4689
18014,469.1556,605.95946
19345,518.3302,162.26195
18015,503.5196,517.96994
19347,465.3216,88.5974
18012,512.6644,563.43956
12716,449.7158,80.81516
12713,470.6182,603.30785
12719,501.8156,121.0757
12717,490.1574,590.31653
12718,509.5546,570.13919
19357,580.8244,257.76698
19356,243.2336,662.34932
19353,555.2644,459.79142
18023,494.1476,579.75716
12726,270.9946,224.72384
12727,487.7434,101.98097
12724,657.3908,122.53487
12729,469.7094,98.84297
12721,464.427,117.32579
19326,257.9164,315.36497
16294,495.667,117.84356
19322,462.0272,79.23047
16298,348.8106,181.6391
19321,253.9546,221.85257
16291,289.838,277.83449
16290,532.2462,188.96633
10997,300.346,266.94563
10993,266.5358,283.35737
10996,371.7436,209.63006
19334,647.3088,170.46782
18006,523.6978,146.36798
19331,256.468,333.15743
18000,266.976,220.26788
12704,495.9368,113.98382
12702,241.1036,337.58201
12703,248.4308,667.22891
12708,471.7684,557.61857
19339,492.8696,136.64018
18007,501.1624,113.52881
18008,272.301,266.522
19338,267.2316,304.39766
18009,519.3384,511.7567
16274,462.0982,572.30441
16272,389.0676,274.35131
16278,572.8866,484.73852
19300,467.48,602.89991
16276,438.8244,73.29965
16271,278.6626,217.44368
16270,462.8792,624.91298
10976,237.4968,295.14056
10975,269.6314,349.69469
10977,270.171,327.85421
16286,419.2,401.87963
19315,471.6406,81.80363
16284,571.0264,256.82558
16288,573.0144,266.03561
19310,438.015,91.71971
16282,454.0184,96.7562
10986,235.3384,290.81012
10981,273.2524,616.67573
10983,242.5804,288.9587
10982,268.5806,309.43415
10985,459.8404,78.27338
10984,441.3662,77.86544
16253,472.2796,92.94353
17585,512.4798,581.76548
16251,282.5534,301.95002
16250,249.3822,257.84543
16257,429.708,379.00361
17582,579.589,281.00387
16255,495.2694,143.41826
17584,535.995,193.50074
16254,485.9542,522.19055
10955,379.5962,256.77851
10957,310.4422,189.87635
10959,516.7966,552.40949
16258,479.4932,123.17816
16263,248.5728,312.87026
17598,658.3706,510.15632
16261,486.011,581.2634
16267,238.576,291.9398
17595,403.793,291.28082
17591,483.4266,91.48436
10967,518.4722,175.03361
10969,492.2164,125.75132
10961,378.7158,259.05356
18098,475.929,594.31748
18099,569.2798,231.67451
11460,289.9942,263.65073
18096,643.3754,491.54798
15826,474.8214,540.1556
15821,369.5994,373.07279
11462,524.1522,558.63842
15820,273.2808,216.07865
10134,448.381,67.93367
11464,265.5844,222.2762
10136,288.9434,238.06034
12799,511.8834,476.32868
15824,466.2162,79.07357
10135,494.9996,589.79876
14506,446.2652,65.20361
10143,450.2412,75.29228
15832,256.1982,299.03168
14501,533.723,183.5219
11476,497.6976,82.85486
10145,253.5854,309.30863
11478,255.3462,245.56016
10146,495.9652,440.94773
14505,515.8736,567.06395
15834,464.1998,610.93319
10148,568.442,507.66161
18076,484.0798,601.98989
18077,475.0628,595.87079
18078,566.028,244.21082
18079,538.7214,196.56029
18072,244.9234,291.21806
18071,530.7268,534.77393
15807,255.261,290.27666
10117,256.6668,265.5806
12779,230.4536,297.30578
11440,485.4856,557.74409
12771,360.838,345.09752
10111,294.2684,197.86256
15803,301.0986,317.79692
11444,251.7394,280.09385
12778,481.396,525.2501
15801,477.1786,495.79997
12775,364.7004,240.27263
15800,597.9922,145.37951
12776,387.9458,266.96132
10115,239.6694,307.56704
12781,458.0228,101.10233
11450,547.6532,564.64769
18086,502.98,576.21122
15815,335.8318,115.70972
11452,261.651,323.99447
10121,284.9532,576.98003
12785,536.6624,174.31187
10123,453.6208,84.94163
11453,324.628,186.72266
11458,321.6176,206.72741
10127,274.9138,294.54434
15811,389.593,269.75414
10126,526.8786,497.65139
18058,450.724,100.58456
18059,487.005,498.56141
18054,453.422,568.03673
18057,308.3974,232.45901
19387,254.338,301.33811
18050,304.8048,262.85054
11426,464.5548,103.20479
12758,240.9616,283.34168
12752,466.6706,377.921
12750,361.3208,230.15258
11420,339.4102,254.66036
11422,312.984,255.539
11424,392.3336,286.27571
18065,503.9882,533.4089
19396,521.7524,157.82168
19399,474.4664,86.5577
18061,245.321,314.83151
18062,433.1444,491.97161
19395,503.0794,588.62201
19394,284.2148,314.50202
10107,255.8432,262.06604
11437,401.166,276.65774
10101,400.9814,279.57608
11432,510.5912,577.95281
11431,451.4198,100.55318
12761,482.7876,106.04468
12766,210.0482,320.52698
11433,496.377,143.93603
12767,280.3382,296.23886
12764,520.4318,186.12644
18037,519.5656,166.62377
19367,557.792,233.90249
18038,331.8274,242.61044
18039,468.8148,600.37382
19364,457.4406,90.52727
18032,565.2044,496.30205
19363,499.1318,155.40542
18033,437.944,71.77772
19366,291.8686,269.22068
19365,254.3522,293.08517
18035,532.4876,581.46737
19360,571.8358,522.86522
19362,439.1652,351.248
11404,514.8654,559.39154
12735,434.6212,381.15314
12739,262.9574,316.83983
11403,515.6464,538.10021
12732,559.1268,232.06676
18047,471.3708,97.5407
18048,313.268,234.42026
18045,577.2602,247.56848
18040,467.1818,567.12671
19370,570.3164,511.1291
12748,469.7662,99.53333
12749,544.1174,250.6751
12745,449.8578,92.6768
11414,292.0248,256.04108
15780,485.1164,93.19457
10091,470.2064,604.75133
10090,262.574,669.04895
10092,484.5626,553.9628
13121,277.1148,617.25626
10094,436.169,63.74444
13122,532.9988,185.79695
15783,481.6658,548.0006
10097,573.98,238.76639
13120,507.2542,162.6542
18819,497.3852,545.23916
13125,511.926,533.26769
14456,526.1544,564.97718
15787,313.8786,338.64893
10098,470.6324,554.08832
14457,558.5588,507.23798
15786,523.6126,183.11396
15785,503.7468,151.13774
18811,275.7942,225.44558
18812,491.4212,147.62318
13127,465.2648,565.96565
14458,493.5512,601.47212
13128,560.4332,503.39393
13132,272.1448,673.81871
15794,443.9932,84.28265
14464,460.8202,91.01366
14461,324.06,190.39412
15793,258.6264,273.95906
13131,560.8592,252.74618
14462,542.7684,561.07037
18825,578.2116,270.16208
14468,272.2016,257.92388
13135,315.469,295.18763
15796,510.4208,582.81671
18822,278.691,340.75139
18823,520.6022,182.95706
10070,577.53,246.83105
14431,471.2146,81.27017
15760,543.8334,532.1537
10077,432.2498,84.09437
15766,446.7338,78.02234
14434,578.169,272.65679
15765,322.0862,266.2082
14435,262.3752,219.59321
15764,235.7502,309.73226
13102,476.3834,619.73528
10078,456.8584,617.80541
13107,565.2044,496.08239
15769,271.0514,218.65181
10080,478.2294,603.49613
10082,459.5422,71.30702
10084,390.4308,274.0532
14441,468.8006,554.52764
10083,315.7104,343.41869
13111,494.389,463.72961
15770,272.2584,260.4029
10085,342.7898,299.04737
14440,510.0516,572.7908
18807,176.3374,464.46704
14445,445.4274,91.46867
13115,286.288,358.24574
10087,567.8598,251.94599
18804,514.4252,577.92143
15775,452.073,115.38023
14443,441.5792,392.70098
13112,478.1868,589.13978
14444,452.428,83.04314
18800,473.8558,125.79839
18801,440.1876,68.96921
15779,563.0744,501.5582
14447,549.5844,468.4523
14448,307.233,234.15353
15778,279.7844,284.0948
10051,463.8022,101.32199
10053,530.2724,163.2818
11383,392.6744,530.7416
15749,506.743,577.24676
15743,461.9136,100.47473
14413,565.957,223.87658
11388,443.3968,74.88434
15742,559.4534,525.03044
15741,285.6206,297.1175
10056,485.798,95.92463
14411,534.5608,169.43228
14416,556.0028,225.03764
10058,282.454,320.0249
14417,584.914,288.11144
14414,494.531,600.07571
15745,348.1432,336.57785
10062,444.4192,634.59371
14420,456.0206,91.53143
14423,298.5,342.64988
11396,50,262.47398
14424,264.6898,210.54008
15754,473.6002,82.52537
15753,262.1196,282.77684
14427,284.9106,296.52128
15758,307.4602,275.22995
15757,456.5318,85.17698
12693,274.573,236.63255
11362,468.616,88.56602
15729,356.436,377.21495
15727,371.0052,245.79551
11364,288.7162,336.68768
11363,572.0062,260.01065
11366,482.0918,551.54654
12695,493.5796,527.39963
10037,294.7654,601.51919
11369,259.308,251.86754
15723,492.4578,599.76191
10041,265.414,668.48411
11372,296.9238,340.84553
15739,483.6112,614.38499
14408,261.6652,312.82319
15738,344.366,275.41823
15732,253.2446,274.367
10046,232.115,681.31853
15731,339.0126,287.59367
11377,447.032,354.11927
10045,470.2916,101.51027
11378,451.4908,92.01782
15736,447.032,86.44787
14406,517.0806,563.2199
14403,277.3988,219.56183
10049,444.618,347.87465
18894,508.1346,152.54984
18895,229.1046,302.43641
17565,576.7206,252.47945
17561,519.2958,189.40565
16233,404.1338,273.45698
18892,562.3218,501.73079
10932,480.5582,261.78362
10931,249.4532,290.02562
10933,274.3174,641.16782
10936,475.9148,129.09329
10935,271.6762,643.58408
10937,436.1406,408.09287
16238,447.5006,79.87376
18898,454.487,630.98501
18899,267.9842,689.91665
10930,449.4744,81.91346
16241,358.9494,233.02385
17575,466.9546,606.58706
17576,402.5292,311.67782
17570,560.5184,456.02582
17573,276.7882,270.53864
16243,544.4724,188.43287
10943,274.2038,293.36759
10949,232.612,328.88975
16248,446.0522,635.37821
17578,448.9064,619.81373
17579,274.3458,346.44686
10941,458.3778,73.20551
13181,264.4626,305.5901
16212,165.9998,474.35174
18870,539.5592,538.64936
17540,584.772,269.8169
10915,570.8134,492.72473
17549,461.445,604.9553
16216,454.3024,625.38368
16215,487.8854,548.70665
18877,659.109,581.90669
16219,256.752,328.56026
18878,487.2038,553.30382
17548,475.574,91.97075
13193,582.571,279.84281
16224,476.9372,412.29779
16223,501.9434,536.21741
17550,456.2478,633.18161
18881,473.5434,605.80256
17551,233.8758,299.18858
18882,479.266,103.87946
10918,481.2398,115.66265
10921,572.844,248.3216
10925,496.4196,571.80233
10927,418.3906,307.66118
10926,536.208,550.69928
17556,497.868,157.22546
18887,487.5304,520.65293
17557,482.1912,90.68417
17559,247.6782,307.06496
14492,486.295,524.38715
18851,276.1634,700.52309
17520,573.8522,253.4993
14493,511.9828,580.91822
14490,500.1684,592.19933
18852,554.313,459.52469
18853,249.2686,319.77386
14491,565.1476,243.91271
17522,505.8342,577.29383
13165,450.5252,87.98549
14496,589.9976,277.08137
13169,270.526,263.41538
17527,253.273,318.56573
17524,460.5646,620.25305
18857,504.8544,566.43635
13172,253.9404,293.75984
17533,479.2092,114.92522
13177,587.3422,263.91746
16200,469.3544,114.26624
10904,479.5074,594.16058
18869,176.2948,117.48269
17538,397.2326,270.86813
13178,494.6446,139.49576
16204,491.2224,547.48283
17534,294.808,323.05307
18865,252.8896,323.10014
16209,430.4322,78.69701
18866,380.0932,250.91045
16208,390.0616,295.5485
17536,481.2398,463.25891
18868,570.6856,270.24053
14470,656.6382,177.43418
18830,517.961,569.69987
18831,494.9286,463.57271
14474,515.1068,162.99938
14473,500.0974,117.84356
13142,488.6522,437.62145
17509,565.2754,245.24636
13147,666.2658,153.47555
17505,275.567,318.69125
18837,245.96,265.34525
18838,244.4974,276.03014
14476,458.8464,89.58587
18839,276.3196,273.33146
13146,460.7776,597.45548
17501,325.054,326.3009
17503,296.3842,250.11026
18842,513.488,556.92821
13154,463.2768,95.95601
13155,385.0916,249.4199
13152,447.742,373.33952
14483,495.6528,595.33733
17516,497.584,347.18429
18848,250.149,283.32599
13159,260.1742,319.61696
14487,481.325,92.80232
17519,435.5442,97.35242
18843,590.6224,282.14924
17512,620.9962,355.93931
18844,212.5758,277.39517
17513,463.4472,565.36943
17514,288.4606,582.87947
18135,288.631,316.32206
19469,258.2714,265.34525
18138,396.1534,286.15019
18132,287.0548,296.16041
19461,455.978,627.03113
18130,286.2596,283.76531
19460,480.7428,592.26209
11504,319.5586,262.47398
11509,477.491,595.74527
12833,508.518,567.18947
11502,370.139,408.09287
11501,497.5698,520.51172
18148,505.323,533.51873
19479,360.4404,262.78778
18142,494.0766,530.28659
19473,495.4256,576.96434
18144,507.4104,584.73089
18145,285.4076,279.32504
19475,549.3004,193.5635
18140,283.1924,278.74451
19472,478.84,137.36192
12847,506.5158,169.07141
11517,453.7486,619.68821
11516,537.699,175.15913
12849,475.148,121.87589
12840,496.5758,104.53844
12843,324.344,233.32196
12842,271.2218,240.1628
19445,280.75,271.65263
15087,569.5354,252.29117
19444,379.6246,251.6165
18114,495.8942,588.51218
18116,488.5102,108.85319
19443,269.2196,314.39219
19442,484.236,122.09555
18112,485.8548,546.38453
15088,497.7118,600.02864
12809,404.7302,278.05415
15083,278.8756,226.07318
15082,254.2386,299.89463
15081,274.8428,304.82129
12815,480.7996,116.16473
12813,288.7162,288.08006
12810,335.775,310.03037
12811,425.8172,376.60304
19448,483.2846,593.87816
18119,662.1762,160.67726
15098,514.766,575.44241
15097,280.5796,273.45698
15096,174.1506,80.2817
18127,450.1844,79.27754
15095,372.6382,545.92952
18123,435.956,579.08249
15094,217.0204,303.67592
15093,463.3052,100.00403
12823,346.6664,284.7224
12827,577.4306,245.07377
18128,244.185,326.88143
12820,454.8846,91.1078
19423,251.7962,286.02467
15065,569.5354,488.31584
19422,532.3456,205.34669
16394,274.9706,249.90629
19425,324.486,229.52498
16393,300.8288,342.60281
15067,483.5544,100.14524
15061,248.8994,324.22982
16392,524.3794,190.51964
16391,254.9344,305.30768
19427,369.358,240.85316
19426,557.9482,458.0969
15074,503.0794,158.84153
18104,309.7606,223.15484
18105,498.081,456.90446
15079,322.1146,216.28262
18100,254.1818,312.13283
19431,439.1368,61.10852
12804,437.5606,77.39474
12802,478.4708,548.18888
12807,485.0312,614.80862
12805,476.639,145.30106
19401,250.2484,262.52105
19400,239.1582,279.96833
19403,447.3586,82.08605
16372,556.5992,458.89709
19402,483.4834,97.35242
16378,401.1092,299.70635
15044,474.5658,87.46772
16370,436.169,78.63425
19409,503.8888,121.71899
15049,399.8028,265.59629
15048,516.1718,548.54975
19405,557.3092,226.08887
19407,533.7798,166.71791
19406,505.3088,571.94354
19414,487.9138,598.96172
15058,300.3602,256.85696
16387,560.9444,498.20054
15055,228.1674,280.7999
16386,537.5854,544.64294
15050,191.6876,68.24747
16380,251.8814,307.64549
19416,491.2508,427.70537
19415,468.7438,85.82027
11580,489.0356,570.06074
15949,529.9174,159.68879
14616,434.536,440.69669
14617,397.5734,303.12677
11584,582.3012,273.92768
14611,441.778,78.80684
10252,265.8968,305.4332
11586,257.3626,261.28154
10255,524.919,505.82588
11585,254.196,288.62921
15946,268.0694,675.99962
10256,497.3994,110.51633
14612,499.7282,123.08402
11589,257.1496,230.93708
14613,268.2824,221.77412
11591,287.8784,684.01721
14629,291.9396,484.89542
14628,260.4156,301.24397
10264,441.1106,65.97242
15953,262.5882,269.56586
15952,468.9994,84.23558
14622,190.7788,73.47224
11594,448.1254,607.13621
11597,488.2404,108.8375
15951,570.785,233.02385
11596,275.9078,223.23329
10265,274.0618,288.28403
11598,362.329,232.92971
15956,254.9202,318.50297
12891,494.9286,458.44208
11560,297.435,238.02896
18193,494.9854,123.79007
15928,392.3762,366.67127
11569,506.8282,580.49459
15925,673.7208,292.31636
12894,449.5454,82.38416
10231,263.5112,282.63563
10233,255.9,271.95074
10232,242.5804,698.37356
10235,487.1896,599.44811
15923,294.6802,312.87026
15922,288.5316,585.029
10240,487.786,95.67359
11570,533.1834,191.75915
14607,466.8978,101.21216
10249,325.4232,265.75319
15937,274.8996,335.35403
14606,480.8138,574.87757
14600,403.4806,304.97819
10243,653.4148,128.59121
10246,435.317,423.81425
11576,257.2064,295.43867
10245,361.8036,198.44309
15934,317.3292,266.89856
10248,524.3226,189.97049
14601,258.8394,646.29845
11579,574.0368,259.27322
18175,565.6162,247.88228
18176,579.0636,284.11049
18171,512.2242,156.18992
18173,496.9592,539.13575
18170,293.7572,289.9001
15905,287.7364,200.48279
10216,436.2542,68.62403
11547,242.8644,677.20775
12878,508.8304,576.02294
15907,522.3772,565.71461
15902,262.0486,217.47506
10214,279.0886,189.84497
18186,266.337,294.05795
18187,299.8348,304.0211
18189,480.6576,111.61463
18182,467.48,590.97551
18185,343.4856,553.42934
18181,240.8196,701.10362
15916,518.0604,557.55581
15914,480.4872,98.71745
15919,492.756,590.30084
11550,462.4674,90.68417
11553,278.5916,308.11619
10221,573.7954,266.2082
12888,276.5184,287.53091
12886,333.5882,350.65178
10225,539.3036,174.17066
18158,541.8454,203.27561
19485,250.9868,314.5334
18154,447.4438,91.7354
19487,261.4806,659.63495
18150,463.4188,572.74373
18151,286.998,643.64684
19482,542.4702,217.27109
11526,535.1572,184.36916
11525,459.4712,89.25638
12856,533.013,552.95864
12857,399.8454,271.74677
12850,310.2576,167.81621
12851,487.218,590.11256
12854,270.9236,220.04822
11522,464.2708,98.02709
11523,251.0578,267.22805
18169,403.0972,286.1345
18164,514.5814,571.23749
18165,264.207,284.84792
19491,659.0806,138.0209
18161,487.1186,95.57945
18162,238.7464,262.55243
19494,509.3416,579.92975
11537,107.297,189.29582
10206,275.0842,288.77042
10205,310.5416,307.69256
12868,444.6038,96.15998
11533,472.6204,129.01484
10202,469.5674,612.47081
11532,486.9056,496.44326
12866,383.5154,267.69875
10201,482.6882,150.85532
11535,482.2338,111.30083
10204,315.2418,338.82152
12864,499.5294,124.30784
11534,489.2486,105.90347
18930,478.7974,121.60916
14573,461.4024,103.69118
13243,240.28,719.79041
14571,329.101,299.75342
14572,501.276,570.57851
14577,468.1474,123.14678
17604,478.6554,101.4632
13247,252.6624,298.30994
17605,455.126,621.46118
14576,428.9554,371.00171
13245,269.8302,258.15923
18933,310.5132,183.19241
13248,379.4968,246.17207
17602,444.7742,641.41886
17603,495.2268,115.66265
13253,475.5598,87.38927
14584,450.8234,91.45298
13251,664.7038,506.17106
14582,265.5134,216.18848
13252,376.5716,241.52783
13257,326.261,288.34679
18946,463.1632,607.10483
14589,455.0124,74.41364
17616,544.1458,181.796
18948,487.7292,120.43241
17618,382.2942,263.96453
18944,501.8582,539.55938
10192,310.7546,344.76803
10194,473.7848,93.58682
15882,238.9878,295.8623
10196,428.8702,548.43992
15881,224.4612,289.77458
14550,545.6368,191.47673
18919,484.6478,610.21145
13224,363.7916,245.43464
14556,250.859,260.7167
18914,653.1166,170.04419
14554,254.4942,327.61886
18916,323.6198,248.69816
15884,572.0204,253.20119
13223,548.775,194.41076
14559,585.482,318.56573
13229,275.8084,683.48375
18910,490.1716,548.36147
14557,462.7372,77.86544
13227,433.9538,377.19926
18912,282.8232,330.59996
15890,574.2924,240.64919
15893,191.3326,75.35504
15891,318.167,238.31138
14561,289.4972,206.13119
14566,273.3234,263.87039
18924,505.5502,581.45168
13233,473.2452,85.06715
13239,248.4024,162.93662
18921,254.0966,274.93184
15899,377.3952,239.31554
13238,236.588,640.13228
10170,529.676,185.32625
15861,411.1628,406.58663
10172,443.4394,80.09342
15860,478.2862,555.79853
13208,530.9682,172.63304
14539,302.9446,348.56501
13209,315.682,167.86328
14533,246.1446,309.81071
10178,448.0544,78.69701
15863,586.0642,260.68532
14531,468.3036,609.5054
15862,489.3764,121.82882
15869,536.5914,200.40434
13206,573.1848,265.14128
14537,474.9208,600.10709
13207,262.5882,291.17099
15867,264.42,208.17089
14535,657.2772,500.49128
13204,459.6842,561.08606
13205,271.4916,213.14462
10181,200.9176,82.22726
10182,263.6958,294.74831
14541,489.49,549.05183
15870,253.699,281.1137
10185,472.095,404.57831
13219,287.3388,313.16837
18906,559.5528,285.24017
18907,244.9234,643.36442
13213,271.6336,290.27666
18902,508.9582,168.49088
14544,492.756,141.6296
18903,448.4236,65.45465
15875,501.8298,452.90351
15874,460.7634,93.36716
13212,462.1834,107.64506
14543,535.3844,190.59809
14548,374.4984,251.41253
13218,454.3024,75.48056
14546,273.5364,279.7016
13215,436.0128,83.59229
15877,560.845,500.86784
10150,282.4966,310.62659
11480,405.5254,305.40182
10152,489.5326,111.20669
10151,446.748,356.56691
14517,474.8498,84.2042
14518,153.0068,458.70881
15840,383.5154,268.091
11486,294.8932,331.41584
14515,469.2692,136.9226
15847,540.1556,176.7752
14516,295.3334,232.03538
11488,272.6844,303.97403
14514,457.9944,96.1286
11492,295.163,230.435
10160,433.8118,81.12896
10163,262.4604,282.74546
10162,260.018,330.19202
11493,287.8358,281.38043
14528,491.5632,116.33732
14529,284.0018,592.35623
11496,565.8008,564.74183
10164,442.2182,527.19566
11495,261.0404,260.85791
15853,514.908,553.03709
10167,212.6326,297.71372
11498,426.7402,78.49304
14520,542.0158,199.66691
15851,455.4952,82.14881
14525,458.4488,623.01449
16352,493.8494,593.9723
16351,381.7688,264.68627
15020,580.6256,283.10633
15025,244.4406,272.3273
17680,307.943,269.31482
15023,467.3664,94.57529
15028,246.7694,325.43795
15027,501.7162,139.5899
15026,482.7734,122.98988
15030,464.2992,111.04979
16367,277.1432,673.61474
17692,490.6118,108.94733
16364,314.0632,286.41692
15039,462.1834,619.68821
16369,295.1204,656.90489
17662,266.7346,216.76901
18993,499.3022,581.35754
18995,555.1792,523.96352
18996,370.5082,250.69079
17665,486.2808,542.39927
16334,510.932,584.85641
16333,461.0616,393.46979
16332,468.2326,79.9679
15000,174.4488,475.199
16337,265.9678,210.72836
15006,472.6062,82.33709
15004,563.8412,498.43589
17666,305.529,310.62659
18997,492.3016,546.33746
17668,286.6572,322.78634
18999,420.1372,650.91131
16340,445.7682,82.29002
16344,320.3822,314.0627
15011,474.6794,101.6201
15018,493.2814,597.40841
16348,508.021,139.9037
16347,503.335,483.31073
15015,534.6034,196.34063
15019,505.7774,582.53429
17640,397.2468,293.74415
17641,296.9238,295.83092
13283,329.669,270.09932
18972,485.0596,611.89028
17642,478.1868,603.16664
18974,484.165,123.4292
13281,487.999,604.21787
16310,376.5858,134.75738
13284,170.9414,99.1097
16316,664.647,146.46212
18979,488.7942,550.15013
16315,316.5624,295.21901
13289,491.7478,591.22655
17644,573.0712,256.99817
18977,303.9954,260.12048
16317,489.6746,102.7184
17647,484.2786,586.64507
13293,573.8664,235.56563
17652,282.0848,268.01255
13292,288.1056,638.5319
17654,501.4038,595.10198
16323,264.065,311.8661
16322,389.2806,280.09385
13290,203.6582,86.03993
16327,504.4568,133.87874
16328,470.9022,564.36527
14592,251.427,317.10656
18950,194.5134,84.15713
18952,507.524,578.72162
14593,436.9358,85.74182
13263,279.6424,216.06296
14599,253.2588,712.66715
18958,556.9684,558.79532
17628,290.6474,269.31482
14598,501.56,590.74016
18953,250.6034,642.70544
17623,288.986,234.46733
18954,267.9842,310.87763
18956,496.9166,123.20954
17625,589.0888,280.65869
13272,237.7666,277.09706
17632,583.565,280.28213
16300,425.3912,602.39783
18968,434.7064,77.22215
13279,484.2786,108.91595
16304,466.77,94.04183
16303,296.3132,203.54234
17633,330.1518,346.21151
18964,398.184,271.08779
16309,470.5046,613.45928
16308,469.8088,612.12563
17635,259.7056,271.229
17636,450.3548,90.1664
19588,635.5938,598.66361
18256,487.502,111.33221
18258,296.7392,250.3613
18253,449.943,635.06441
18255,463.717,86.25959
19585,452.4422,603.18233
18250,691.8684,200.79659
11626,514.269,556.91252
11628,470.036,112.57172
12950,466.628,114.329
12953,465.5488,82.69796
11622,272.6134,285.5069
12952,564.1394,517.65614
19599,561.8816,499.89506
18268,289.8522,266.14544
18264,277.9668,605.44169
19594,578.4388,256.91972
18265,460.1528,111.45773
19597,393.995,279.68591
19593,498.1946,596.98478
18262,291.0592,299.97308
12968,277.626,681.94613
12966,500.282,457.42223
11637,256.2266,285.02051
10309,368.577,588.55925
12960,259.1376,634.98596
11630,490.2852,127.8224
11632,322.7536,282.65132
10300,476.355,602.36645
19566,486.4086,551.62499
18234,519.239,571.95923
18236,239.996,337.20545
18230,502.5966,583.05206
18232,283.9024,272.67248
19564,525.3166,496.23929
19560,499.4016,589.2653
11602,653.8408,588.08855
11605,560.9586,258.23768
12939,258.1578,205.8017
12937,516.4984,153.88349
11608,506.4306,578.98835
12931,502.7528,538.72781
18239,513.4738,530.8985
12930,547.1988,193.03004
18248,259.5778,300.47516
18241,470.036,427.76813
18242,251.3986,216.7847
18243,341.2278,233.33765
19574,374.9528,260.30876
18244,646.6698,533.78546
19571,492.0602,559.28171
19570,319.5018,175.25327
12945,190.9208,73.89587
12948,287.8358,328.79561
11619,149.5278,800.1389
11612,314.5602,226.26146
12940,558.4168,455.35115
18214,305.2166,272.39006
15184,541.7744,530.66315
19540,223.7512,687.4847
15189,274.9706,273.91199
15188,479.1666,430.51388
15187,453.0528,92.69249
19541,249.5668,714.37736
12909,270.8384,328.23077
15182,537.9262,187.85234
12914,433.1302,60.73196
12912,498.5212,592.26209
12917,300.6442,232.56884
19548,377.0544,241.43369
19547,334.3834,438.51578
18223,675.8366,244.7129
15196,368.6906,238.98605
19554,266.905,295.73678
18225,270.6112,307.50428
15195,499.4868,147.26231
19557,256.0846,324.48086
19556,303.6688,220.2365
18226,325.6078,216.58073
15194,288.0062,270.1307
19551,489.4332,588.13562
15199,465.847,76.65731
19553,535.853,195.93269
15198,446.6628,83.95316
18222,491.3218,582.28325
12919,569.4076,256.0097
15192,483.1284,538.53953
12924,273.0252,264.87455
12925,236.4602,299.34548
12922,479.5074,540.97148
12928,522.3488,552.00155
12929,468.119,119.14583
19559,488.1552,125.02958
16495,513.9708,571.47284
16494,313.0692,250.53389
16493,543.0808,181.54496
16492,278.3218,256.37057
16498,339.4386,306.10787
15166,247.522,303.66023
15165,244.1708,684.20549
16491,391.1976,308.93207
15169,667.7,531.9968
19525,344.934,395.10155
19528,532.7006,190.33136
19527,481.325,101.96528
18203,236.8436,293.3519
18204,471.3424,86.60477
18200,466.0742,621.25721
15171,509.6824,468.7661
12902,493.9204,589.18685
12900,246.9114,304.77422
12906,277.4272,220.66013
19536,485.5424,98.35658
18208,450.1276,81.91346
13408,237.2554,318.67556
14739,315.9944,263.24279
13409,299.4656,316.18085
13406,200.6762,75.98264
10374,266.6778,249.07472
10373,452.9818,103.31462
10375,380.1216,261.75224
14736,223.0412,310.79918
13405,322.8672,189.89204
14733,562.0378,450.36173
13402,539.9142,537.31571
14734,562.7762,238.06034
10383,477.633,86.47925
10382,545.2818,509.46596
14742,296.7818,599.04017
13411,350.7276,359.83043
14743,482.5462,595.5413
13412,453.0386,605.61428
14740,539.8574,241.81025
14741,233.8332,281.03525
13415,305.3728,326.12831
13416,327.4538,303.18953
10388,287.5802,613.91429
14744,316.8464,179.85044
14745,273.3234,319.67972
14717,506.4022,533.12648
14715,251.0152,286.65227
14716,299.92,269.73845
11683,440.7272,69.50267
11684,500.779,464.96912
11686,501.986,120.93449
14711,469.184,584.82503
11688,264.207,262.4426
14712,520.4318,147.40352
11690,233.3362,314.31374
11691,495.8942,136.9226
14726,445.47,91.65695
14721,367.086,246.68984
11693,367.6824,232.80419
10362,439.2788,70.14596
10367,390.6012,262.30139
14724,240.1806,298.78064
11697,461.445,586.55093
14725,497.868,542.666
11699,456.404,85.63199
18297,250.6176,662.30225
18298,576.3798,279.63884
18299,263.355,292.91258
18292,446.251,76.54748
11669,234.103,280.06247
11660,563.3868,498.78107
12991,279.33,211.52855
11663,404.5456,286.69934
11662,353.5818,189.92342
10331,524.8622,165.76082
10334,261.5942,277.0343
12997,326.6018,312.58784
12998,418.4616,299.36117
12995,386.0998,225.69662
11670,323.6766,233.60438
10349,444.689,101.43182
14706,592.4542,283.24754
14707,496.2208,545.81969
14704,483.5828,611.27837
11672,254.4658,273.51974
11671,294.382,290.6846
10345,611.2834,357.524
11677,441.2384,602.85284
18274,302.8736,262.1288
18275,491.691,123.63317
18271,256.1982,312.41525
12979,254.0966,281.70992
12977,656.6524,158.90429
10317,218.8238,313.98425
10319,302.2488,247.14485
12972,476.639,101.4632
11641,260.6144,259.19477
10310,452.2292,613.7417
11640,487.8854,582.37739
12975,286.6714,358.63799
12976,381.6126,251.53805
11642,284.3284,641.70128
12973,484.4348,549.19304
12974,360.767,227.89322
18289,266.0814,280.03109
18287,531.5504,182.18825
18281,300.4028,329.50166
18280,453.209,92.17472
11658,293.459,594.86663
10326,495.6954,594.38024
10329,264.8034,252.80894
12982,362.329,198.19205
11652,507.5382,153.35003
11651,475.6024,121.97003
12981,573.1138,258.73976
12986,450.9086,98.78021
11656,276.3906,302.95418
12984,460.3942,93.64958
10325,478.7548,100.81991
11655,369.5142,245.88965
12985,477.4058,95.14013
10324,263.6532,297.60389
13363,455.694,88.73861
14692,308.8092,331.24325
12033,497.8254,590.26946
12032,584.8856,271.16624
17725,278.9324,330.16064
13367,284.4988,662.89847
12034,274.076,606.10067
12036,551.8848,198.34895
13369,464.5122,410.27378
17724,656.6524,486.26045
13370,469.7804,119.74205
16400,393.7394,268.7186
12042,291.4568,314.67461
13374,509.867,585.29573
13375,441.5366,620.30012
12044,436.595,343.5599
13372,480.5014,556.12802
16409,324.8268,264.6392
13378,272.9968,292.69292
16403,470.5614,609.47402
13376,301.4678,315.85136
13377,305.0888,329.84684
17733,350.0886,325.70468
17735,282.454,271.11917
14672,322.427,212.18753
13341,496.377,147.96836
13342,260.8842,324.7319
14673,475.4888,599.41673
13340,491.9608,527.58791
12010,512.8064,583.35017
14671,499.4158,538.97885
17703,266.1666,268.76567
14676,445.3706,82.29002
13345,505.5502,571.59836
17704,444.4902,116.38439
14677,454.7852,95.79911
13344,105.8628,166.29428
12016,541.675,204.53081
17700,585.908,260.38721
14678,429.8784,531.65162
12019,292.5502,216.09434
13347,278.2934,306.60995
13348,284.9816,195.21095
14680,330.947,162.63851
13351,392.3478,305.07233
17718,488.993,129.57968
14687,447.5148,71.41685
12024,269.5888,201.34574
17714,443.8086,70.8677
12023,645.0226,482.98124
17716,445.683,73.94294
13355,436.5808,74.90003
12025,357.9128,381.32573
12028,325.7214,201.20453
17711,264.2496,287.87609
13358,541.8028,175.31603
13359,460.6498,91.01366
12029,251.2708,682.22855
10293,505.039,133.42373
14651,276.0356,340.65725
10292,435.7288,85.94579
13320,485.5566,609.9761
10295,433.7408,73.81742
10297,562.8472,500.1461
13321,577.8566,272.86076
13322,369.997,50
10298,496.1498,123.86852
14653,485.4288,608.67383
15989,486.3802,94.46546
14656,504.4568,527.88602
13326,471.3708,107.84903
14657,275.0842,628.89824
15993,272.6986,270.41312
13330,276.987,644.30582
15991,463.3478,103.20479
12009,487.7434,600.31106
15997,505.5218,586.00178
13335,238.2636,325.9871
12001,465.9464,623.50088
14666,474.3102,611.37251
15995,480.6576,600.32675
13333,387.5766,258.97511
14664,568.5982,269.61293
13339,521.1702,223.2176
15998,467.054,78.30476
13337,426.8964,467.18141
10271,255.6728,299.86325
10272,302.7458,278.90141
13308,570.075,240.68057
14632,513.559,145.66193
10275,512.1958,572.61821
15963,281.4742,292.94396
13300,448.807,523.72817
15961,530.9682,169.29107
13305,508.6174,501.77786
15967,530.4854,173.33909
14637,480.3026,535.79378
15966,493.5512,110.59478
13303,565.2754,251.52236
13304,283.022,306.8453
15965,487.8996,101.07095
10280,356.294,252.66773
10282,664.789,178.76783
15971,459.2298,594.80387
15970,510.4492,143.96741
10281,468.0906,580.38476
10284,244.2418,670.47674
14649,440.4716,80.94068
15974,440.216,72.73481
13313,171.4668,116.50991
14641,387.463,288.25265
15972,506.5442,561.46262
15979,292.6354,587.96303
15978,172.6596,107.62937
13317,518.5148,161.28917
14646,261.1398,275.41823
13315,253.9262,294.70124
16473,489.9444,110.83013
15142,494.6446,601.69178
15141,573.4688,267.35357
15140,263.5538,338.57048
16470,549.1442,197.81549
15145,374.0866,240.1628
19507,500.779,120.05585
15147,507.8506,532.95389
15152,479.9476,472.73567
16482,521.1418,511.42721
19512,274.076,287.43677
15157,461.1752,577.46642
15156,378.801,384.54218
15154,257.1354,280.23506
19514,369.1592,243.94409
15120,473.8416,98.15261
12094,468.1474,595.5413
12096,489.6746,601.94282
16453,306.6934,292.86551
12099,506.9844,130.1759
15121,541.107,182.29808
17782,495.6386,441.32429
12090,492.6566,111.06548
15127,472.2228,607.96778
17787,462.5242,466.60088
15130,482.2196,555.04541
17796,259.9754,297.08612
16466,258.4418,264.34109
15135,516.9812,182.04704
17790,472.2086,603.21371
17791,434.0958,74.49209
17792,258.953,283.57703
16464,271.2502,208.81418
15139,496.9592,542.38358
16469,474.7646,88.47188
15136,282.7238,241.29248
16467,199.0148,66.52157
17799,322.995,217.4123
17761,315.7246,309.5126
17762,456.0774,601.40936
17763,225.3416,300.77327
16433,501.6878,118.80065
12075,214.933,319.66403
16432,301.3684,267.36926
16431,256.3686,667.5584
15106,184.7296,77.81837
12079,563.259,244.19513
12078,515.6606,575.83466
16436,560.064,453.0761
16435,263.781,217.03574
15103,261.8498,287.78195
17765,469.6526,81.41138
15109,285.1946,215.65502
12082,294.4104,320.51129
17773,432.5054,75.77867
12083,517.0664,542.14823
15113,263.2982,273.44129
15112,475.2758,608.61107
16442,351.75,271.26038
17770,537.06,200.07485
15111,519.3242,574.62653
15110,300.5732,300.96155
17771,493.7216,105.08759
15117,503.619,540.92441
15116,309.8884,289.57061
15115,258.0442,324.8888
17776,454.0184,589.736
17778,370.3378,232.80419
17779,436.7086,630.59276
13382,274.1328,326.70884
17740,479.1382,89.94674
12053,450.298,626.38784
16410,267.3594,196.90547
12052,508.4754,157.77461
13386,494.9002,110.17115
12055,314.191,276.06152
12056,464.3418,97.47794
17748,495.312,593.67419
17749,322.3276,261.40706
13387,398.1272,276.75188
12059,564.9914,519.39773
13388,374.5126,247.47434
16412,485.6276,586.47248
16419,489.8592,538.77488
17744,485.5282,111.5048
16416,502.7954,591.16379
17750,268.1546,315.0041
16421,286.146,288.88025
12063,186.2064,68.27885
16426,470.7744,608.81504
16425,421.0886,374.83007
17759,320.8934,362.24669
13398,496.59,570.70403
16429,443.0844,94.49684
16427,307.2756,214.24292
18377,385.6312,358.33988
18379,464.072,110.01425
17048,500.1826,535.62119
17049,477.7608,105.19742
17042,499.5578,595.33733
18374,468.6728,92.23748
18375,385.8442,279.15245
17045,277.0012,336.40526
18372,658.5126,136.24793
10415,254.551,294.16778
11746,494.0908,536.90777
10416,495.9652,603.98252
10419,455.2254,81.8507
10418,656.695,503.9117
11740,531.025,184.934
11741,525.487,189.92342
10413,458.2784,110.79875
11743,513.3176,134.63186
18388,363.6496,246.25052
17057,540.3828,184.00829
17059,429.5518,78.0851
17053,263.0568,212.12477
17054,461.8,487.34306
17055,509.3558,455.71202
18387,478.1868,112.02257
18381,466.415,554.49626
17052,315.7956,348.01586
10426,201.1448,81.20741
10425,263.0852,296.44283
11759,460.7066,607.73243
10427,297.3782,224.59832
10420,368.5344,236.42858
11751,476.5538,547.04351
11750,270.81,291.21806
11753,468.0196,616.7228
11752,531.6924,179.78768
18355,261.296,283.21616
17024,189.9126,119.96171
19689,282.6244,592.16795
18357,480.7286,103.09496
19688,282.3262,327.83852
18358,463.3762,604.78271
18352,497.8538,151.56137
19682,384.9354,518.78582
19684,260.4866,267.10253
17023,265.5844,309.41846
18350,327.9082,218.54198
11723,199.7248,97.98002
11726,257.5898,300.28688
11727,256.7094,697.33802
18359,448.097,91.29608
19698,438.5262,630.01223
18367,448.1822,525.86201
17037,251.3702,319.42868
18369,323.705,303.78575
19699,561.2284,240.86885
19694,522.6896,161.19503
18364,145.992,87.07547
17033,569.4076,256.74713
18365,312.5154,285.60104
19690,262.7444,226.5125
17030,378.6874,268.20083
19691,338.615,311.92886
10404,478.9536,83.76488
11735,451.6328,614.49482
10403,461.1042,83.34125
11737,288.3044,316.33775
10406,500.8216,589.70462
11736,498.9472,597.83204
10408,469.7094,97.25828
11738,388.6416,291.67307
10409,286.004,621.33566
10402,503.1788,150.54152
10401,317.244,273.55112
17002,490.0722,103.56566
18333,488.8794,546.61988
17003,333.1764,198.28619
18334,566.951,493.32095
18335,297.222,281.03525
17005,481.7794,449.45171
18330,288.1482,620.04908
11704,382.777,271.11917
19669,490.9952,138.74264
17006,496.235,107.92748
17007,459.4428,104.41292
17009,285.4928,288.28403
17013,433.6414,70.88339
19675,458.7896,102.42029
18347,609.125,353.93099
18340,486.3092,611.05871
18341,511.216,470.63321
17011,308.511,328.21508
18343,454.2456,98.85866
17012,506.4164,579.34922
19670,375.6344,258.15923
11712,329.9672,298.81202
11716,533.581,547.35731
11718,486.0678,120.07154
18348,256.823,291.04547
17019,455.2254,619.53131
18311,344.437,247.44296
15285,457.682,558.63842
19642,476.213,606.90086
19645,378.659,254.98985
15282,174.4488,92.39438
19644,308.9228,180.72908
15288,419.8958,376.96391
18310,261.5658,265.62767
18315,449.304,88.51895
18316,368.1652,225.32006
19649,494.9428,587.24129
15296,227.7698,306.86099
15295,452.4138,95.9717
15294,481.8078,597.48686
15293,464.2566,105.02483
19655,481.2398,118.86341
18325,331.302,279.01124
15298,458.9174,125.29631
18320,314.0064,255.44486
19652,404.1764,290.10407
15291,338.7002,227.9246
15290,460.6214,102.60857
18326,396.9344,367.50284
18328,461.6438,97.5407
19659,401.9044,276.50084
10490,270.1994,298.78064
10492,249.8792,311.2385
14859,597.8928,335.47955
10495,252.8896,252.66773
13521,294.7512,268.2479
14850,512.849,572.3201
13525,463.433,618.22904
14857,492.1454,581.49875
14854,192.1562,510.20339
14855,271.5484,301.68329
14869,312.7994,244.43048
12209,518.0746,565.65185
14863,484.4064,232.06676
13533,282.0422,643.33304
14867,487.5304,604.89254
14868,444.2062,95.86187
13537,481.2398,104.20895
12206,396.3664,518.23667
14866,276.1066,300.31826
13535,460.025,107.81765
12205,521.4684,572.64959
13508,290.7752,217.4123
13505,208.8554,314.03132
14836,258.811,280.78421
10473,455.41,89.3819
14835,472.2796,93.47699
13504,407.3998,295.43867
10479,349.7052,235.50287
14832,465.2932,621.63377
14833,516.8676,140.18612
10482,464.3702,101.76131
13518,491.5064,111.63032
13519,484.7756,553.77452
13516,488.8368,114.07796
13517,475.6876,427.32881
13510,284.8112,224.11193
10484,487.644,92.64542
14842,489.6036,598.02032
13515,274.2322,313.16837
10487,524.3936,188.46425
13512,372.482,240.97868
14844,510.0942,522.67694
13513,563.259,497.80829
17086,495.88,587.47664
17087,306.239,207.62174
17089,529.5624,194.92853
17081,298.2728,285.28724
14816,484.946,554.87282
14815,302.476,238.82915
14819,460.096,532.70285
11782,647.0958,618.6056
11783,255.758,294.57572
10452,238.7464,288.70766
14812,643.489,470.71166
11786,565.0624,254.80157
10455,508.731,579.86699
14813,259.4784,274.33562
11787,667.5012,560.2388
10460,462.8366,548.98907
17096,241.274,675.41909
17092,290.7184,300.17705
14828,300.0478,258.44165
10469,540.042,174.40601
14825,470.9874,493.27388
11792,262.361,340.95536
10461,317.741,329.47028
10463,377.381,373.92005
11794,285.649,607.60691
14824,345.9848,261.67379
10465,587.2286,263.5409
17069,174.9032,241.30817
18395,447.8556,99.54902
17066,524.1238,157.0058
18398,481.467,593.06228
17067,479.3938,546.80816
17060,486.5932,539.08868
18392,532.2604,183.60035
17061,505.1952,458.61467
17063,264.846,304.35059
10437,512.3804,575.91311
10439,251.6826,654.75536
11760,540.681,186.55007
10431,497.0728,534.56996
11761,303.6546,233.4161
10430,563.33,261.815
10435,528.327,194.69318
17079,503.1362,583.75811
17077,287.5802,323.86895
17078,485.4004,537.15881
17072,465.8896,387.89984
11779,470.7886,561.03899
11778,799.0784,429.68231
14806,250.5892,277.11275
14803,506.3028,585.06038
10449,378.4602,483.09107
10440,496.0646,595.66682
11771,483.4266,615.96968
11772,265.1016,266.74166
14802,282.0848,328.01111
14800,250.6886,283.32599
11776,557.8914,524.38715
13481,390.5018,287.84471
13484,256.9792,268.37342
13485,472.8618,140.39009
13482,488.851,520.46465
16519,557.6074,504.91586
12156,285.1662,252.22841
17847,514.8796,580.66718
13489,502.3836,593.23487
12158,253.7274,275.48099
12157,516.0866,579.00404
16517,510.3782,552.15845
16515,305.2166,296.12903
17845,448.3668,625.85438
13491,467.6362,94.18304
17850,301.411,301.16552
13492,460.9906,624.59918
12160,246.0736,282.9965
17852,479.2376,110.78306
13495,190.864,70.82063
13496,254.8918,302.78159
12165,449.517,610.18007
12167,505.4224,587.31974
16524,224.7452,307.95929
12169,383.842,281.22353
13498,287.2394,232.1609
16528,503.1646,514.76918
16527,180.9666,63.08546
14790,250.8306,312.74474
14794,468.4598,600.68762
13460,481.5664,184.43192
12132,262.1196,675.41909
14791,499.9128,592.88969
14792,505.891,160.70864
17829,249.3964,283.42013
17824,479.763,547.65542
12134,507.24,538.5866
17826,321.0638,322.48823
13464,451.9594,598.89896
12135,294.5524,306.13925
17822,300.6584,196.34063
13468,456.6454,602.14679
17823,495.1842,599.43242
13470,230.7092,295.79954
17830,567.2918,491.42246
13473,371.0194,248.05487
12141,241.5154,298.70219
12140,486.721,588.04148
16508,528.7246,550.91894
16500,403.7646,290.27666
12148,510.8468,498.16916
16505,666.1664,263.8547
13440,486.7352,121.26398
13441,389.8486,257.93957
14775,505.7348,586.88042
12112,481.4528,587.6963
12111,510.6338,145.67762
14773,479.5926,91.62557
13442,652.79,627.84701
14774,513.772,581.21633
13448,475.5314,92.5199
14779,411.7592,304.05248
17800,656.3684,163.34456
14777,636.2896,463.29029
14783,470.4762,107.97455
12121,402.8416,299.0003
14781,284.8254,305.79407
13450,282.8516,336.59354
17818,375.251,255.80573
17813,536.1938,546.51005
17814,263.3408,313.52924
12122,499.4868,117.13751
13456,336.5276,193.84592
14787,250.1774,663.9497
17815,450.9654,97.21121
13453,255.3888,304.60163
14785,297.932,290.43356
17816,460.9764,382.69076
13457,443.269,84.14144
17811,317.6984,191.90036
12128,472.0382,81.05051
10394,433.3574,69.72233
13428,478.3856,85.42802
10396,473.2594,618.66836
13423,255.332,303.33074
13420,229.488,311.99162
14752,285.1804,268.57739
14755,535.9382,197.67428
14764,529.1932,188.29166
12101,588.1232,276.7205
13434,263.852,273.8963
12102,249.3822,282.58856
12105,457.4832,94.88909
13438,535.0294,546.02366
14766,387.818,289.5863
13435,493.2104,112.06964
12107,495.383,128.45
13436,487.1754,98.12123
16594,474.3102,562.02746
16593,483.4692,133.21976
19623,313.4526,328.60733
16592,446.8758,604.50029
15261,499.0324,521.02949
16591,454.9556,70.14596
15260,327.61,237.1817
19622,204.2262,74.90003
16598,281.1902,217.58489
15266,478.6838,594.42731
15264,456.1058,626.01128
16590,238.0932,320.73095
19629,502.5966,537.97469
19625,316.818,306.76685
19627,499.6998,467.16572
18300,273.2382,578.20385
19632,311.5924,321.1232
15271,271.2786,333.11036
15277,450.6956,89.28776
15275,445.7256,78.36752
15279,665.3428,140.3744
19635,284.2148,237.08756
18306,439.3924,615.75002
19637,427.933,65.8469
15241,177.8426,66.72554
16571,454.3876,97.57208
19601,473.8558,90.90383
16576,503.8178,158.66894
15245,508.6742,570.51575
16575,273.011,325.94003
16573,455.0408,629.18066
15248,285.436,171.62888
15247,274.0476,296.61542
16578,485.9258,103.48721
19608,375.0806,241.51214
19604,305.813,344.43854
16581,308.6388,125.312
19612,498.1378,120.36965
15250,250.6886,291.39065
19611,449.4318,600.27968
16587,377.9206,253.54637
15256,465.634,619.57838
16586,414.159,307.08065
15254,286.3164,272.02919
16584,312.9414,343.92077
19617,471.9104,299.06306
15259,518.7562,559.40723
12192,269.3332,620.47271
12194,281.9144,290.60615
17884,563.046,237.43274
12193,482.816,131.68214
17885,462.794,608.31296
12196,265.343,245.1836
15223,655.4738,500.13041
15222,464.4696,75.84143
12195,431.8664,65.14085
16553,459.7978,586.39403
15226,500.211,464.43566
16556,390.4308,269.36189
17886,336.5702,302.7659
15229,461.0758,627.42338
17893,244.6962,299.28272
15234,272.0028,191.31983
16564,635.608,593.26625
17890,534.6318,194.92853
15232,385.4466,286.05605
16563,459.2298,88.34636
15238,460.9906,77.88113
16569,558.573,455.99444
15236,265.8116,208.54745
15235,274.9564,296.75663
17860,454.3308,91.06073
17861,468.971,618.96647
17863,264.5478,700.57016
12176,285.649,284.14187
15205,183.7924,69.56543
17868,306.9064,252.98153
16536,390.7574,258.56717
16535,239.9818,286.30709
12177,189.2594,488.88068
15204,573.4688,512.24309
16534,456.9436,618.57422
16533,248.6154,274.71218
17864,486.5648,599.63639
17865,315.6394,258.59855
17866,518.4864,159.32792
16538,484.2786,587.60216
12181,460.8344,94.63805
17873,452.925,90.88814
12183,487.076,114.10934
17874,278.6484,664.81265
12182,509.0008,566.40497
16543,369.8124,255.96263
12184,263,335.30696
16542,293.4732,255.93125
17870,452.0446,72.98585
12186,494.957,139.433
16547,465.6198,615.92261
12188,262.9432,255.30365
15214,226.2362,318.03227
16545,383.2172,259.00649
16544,512.5934,576.03863
17875,284.7686,280.51748
17877,517.3078,565.4165
16548,477.3774,98.19968
18499,432.8036,60.71627
17169,362.9254,228.26978
17163,503.5054,132.74906
17164,291.1728,267.33788
18491,223.382,296.52128
11866,562.762,503.00168
11869,198.5462,257.51594
10538,477.7608,586.08023
11868,449.3608,81.47414
10537,500.0264,543.38774
10539,374.1434,248.91782
10532,460.6356,89.3819
11863,191.0486,74.06846
11864,324.1736,285.44414
17179,248.5018,274.02182
17171,461.6296,91.45298
17173,455.2538,76.06109
14904,522.0222,535.74671
10546,265.8258,326.15969
10548,461.0758,558.08927
14906,438.2138,620.1746
11872,289.0854,301.65191
10540,408.5784,313.45079
11874,201.9968,82.36847
11876,451.1784,541.53632
10545,279.7986,658.48958
17145,462.1976,93.44561
18476,447.6994,82.27433
18477,657.8452,224.08055
18479,455.4242,563.11007
18473,298.997,204.62495
17142,508.7878,577.57625
17143,567.3344,495.01547
11845,286.7566,260.01065
10516,372.1838,238.04465
11847,267.6576,294.71693
11846,401.7198,487.87652
10518,281.7298,331.24325
11849,582.9544,270.38174
10517,250.3762,300.02015
17149,503.6048,130.63091
11840,267.3878,243.36356
11843,475.7728,92.30024
10512,315.8098,223.57847
10511,577.672,252.16565
18489,436.4814,73.36241
17159,238.6186,330.55289
18483,249.1692,330.41168
17152,279.8128,352.9739
17154,446.2368,77.1437
18486,441.281,86.35373
17151,271.307,302.67176
18482,637.1984,568.06811
10526,465.6198,88.1267
10529,476.0284,113.71709
10528,359.1908,221.30342
11850,267.402,276.03014
11852,470.4762,597.20444
11853,481.6516,120.90311
10522,310.7262,349.3652
17124,503.4486,581.23202
14094,649.6944,487.751
19788,209.1962,86.087
17125,465.6908,585.01331
18457,253.3156,309.15173
19787,506.6294,564.75752
14095,517.4214,564.25544
18450,276.0072,592.52882
18451,502.5824,452.41712
19781,520.3608,510.3446
17121,297.5202,242.43785
19784,466.1878,89.72708
14098,578.1406,245.29343
11819,299.3378,250.832
14092,504.9538,578.01557
14090,429.992,90.04088
14091,440.4148,75.82574
18465,451.3772,78.74408
19799,462.581,115.66265
18468,412.5402,390.41024
17137,441.3094,74.53916
17132,348.6402,270.99365
17133,558.36,458.7245
11834,269.816,577.51349
10502,320.8934,187.63268
11833,499.0466,587.72768
11836,465.7476,113.59157
10509,470.0644,606.3674
10508,295.9014,271.15055
10500,215.8986,321.38993
18432,276.916,313.23113
18433,239.57,273.15887
14075,520.1052,172.63304
14072,448.7502,626.05835
19765,482.3474,608.76797
19761,442.8004,75.07262
17100,306.878,227.297
14077,487.3458,103.45583
11801,467.5368,105.26018
11803,315.0714,179.00318
11802,300.6158,292.28498
11805,244.7246,322.58237
11804,268.609,660.8117
11806,449.1052,592.62296
17109,297.0232,284.00066
17105,454.2882,70.49114
17106,366.873,226.57526
18437,575.9112,242.09267
18438,274.1612,270.08363
19769,266.4364,316.85552
17108,504.2296,592.57589
18443,310.2008,178.28144
17112,298.3722,251.91461
18445,525.629,169.57349
19777,275.141,590.31653
14084,495.1842,97.93295
19776,282.3546,323.60222
17110,453.138,107.22143
14087,389.1812,253.62482
18442,264.278,285.06758
11809,456.4466,98.7959
11808,252.2932,311.50523
14081,447.9408,608.31296
11816,509.4126,557.66564
11818,250.3904,292.81844
19779,247.8486,280.78421
17116,277.9526,264.78041
18447,450.9796,88.50326
17119,249.5242,263.58797
13648,479.4648,559.83086
13642,284.0728,643.99202
14973,398.2976,269.11085
12312,206.1432,74.13122
12311,668.2964,112.50896
13647,462.9502,77.67716
14978,380.9168,479.81186
12313,443.1838,618.15059
14976,477.1218,608.17175
13650,276.7172,638.46914
12329,569.933,230.40362
12328,271.52,298.56098
12320,231.3056,344.1875
12323,283.519,596.70236
14983,280.0826,275.41823
12325,458.6334,84.87887
14988,455.0692,611.26268
12324,453.351,82.24295
13658,238.9594,316.07102
14987,382.9048,265.48646
12326,313.2964,219.32648
14959,246.8404,288.04868
13627,328.0502,264.04298
10594,307.304,220.8641
14951,328.9306,279.48194
13621,505.252,123.8999
14956,571.9778,267.90272
13623,201.088,292.8812
12307,481.9498,443.819
12306,449.4034,631.17329
13637,464.1998,99.47057
13638,343.6986,186.45593
14962,293.5868,588.99857
12301,335.2922,249.98474
13630,433.2296,64.98395
13635,257.5472,320.4956
12305,278.194,276.37532
13606,243.7874,330.03512
10579,480.2032,102.45167
13605,499.6288,595.47854
10572,238.292,220.11098
14930,372.8512,241.76318
10571,292.9478,651.99392
13603,498.081,106.484
10578,514.0418,530.31797
10577,264.207,327.60317
14948,263.4828,321.54683
13618,302.7458,269.11085
13615,425.6326,311.19143
13619,291.2154,254.37794
14940,465.1796,96.63068
13610,374.0582,253.73465
13613,283.9592,608.62676
14945,505.6496,537.62951
14942,279.5004,216.67487
13612,352.9286,167.58086
17189,294.3678,576.17984
17183,478.627,99.75299
11889,266.6778,285.33431
14916,296.6114,252.44807
14913,491.4922,605.77118
14914,260.1316,277.64621
14917,321.8022,298.13735
10551,376.6994,460.30919
11882,460.6782,625.27385
14911,466.4576,108.46094
11885,506.246,529.75313
11887,300.9424,290.29235
11886,448.878,617.27195
17196,336.7406,239.23709
17193,580.6966,250.56527
17195,442.0336,76.28075
17191,260.089,277.08137
14926,502.3694,161.61866
14924,488.9788,591.27362
14928,461.7432,107.56661
10561,509.5404,132.46664
11894,531.9196,185.23211
10565,231.3482,229.76033
14922,509.1996,583.88363
10564,271.6904,326.25383
10567,474.5232,412.51745
17960,443.056,76.24937
17961,440.0172,104.72672
16631,393.3844,278.08553
12273,462.8508,107.15867
16630,411.4326,299.50238
15309,383.9698,252.35393
17967,381.4848,256.99817
12277,244.2418,678.02363
15304,505.323,539.18282
12276,271.9034,268.65584
15303,467.4374,83.78057
16634,639.4278,645.5924
17968,496.0646,594.97646
16633,290.2356,279.65453
16632,303.825,192.9359
15301,455.4668,87.13823
17963,518.6568,562.82765
17964,362.6698,316.16516
17965,288.2476,302.7659
15306,288.9718,567.94259
15305,459.0594,615.49898
16636,564.7784,496.42757
12280,503.2498,508.41473
17973,314.191,224.3159
12281,510.577,585.79781
15311,296.9096,241.63766
12286,445.5552,595.99631
15315,512.0538,574.03031
16646,521.653,508.00679
12287,300.8714,281.31767
15314,469.5532,593.75264
15313,503.974,589.09271
17975,193.846,288.03299
16649,569.7058,491.81471
16647,487.7008,594.42731
13583,305.5574,220.83272
13581,395.4434,259.33598
12252,458.9884,103.20479
16619,519.7076,567.18947
17949,572.0204,276.68912
13587,275.6238,205.77032
13588,299.8632,219.89132
12254,565.3464,481.45931
17946,499.004,591.11672
16612,512.3662,582.18911
12257,419.6118,300.83603
17947,517.8048,166.71791
16610,508.5322,586.50386
16617,457.895,595.80803
17942,246.3008,292.39481
13589,459.7552,76.31213
16615,428.359,90.59003
17943,448.9348,62.7089
13591,288.8866,256.87265
12260,276.1492,208.10813
17951,176.8486,64.04255
13594,237.014,314.89427
13592,575.2438,258.09647
13599,455.836,83.07452
12265,531.735,554.16677
16621,264.633,252.91877
17959,486.9056,551.87603
17952,377.4378,248.71385
17953,244.469,660.38807
12269,458.6476,110.20253
13562,501.9434,117.59252
17923,287.8216,312.94871
13563,276.5752,207.63743
14894,475.9858,109.85735
17925,502.7812,135.6674
13564,308.2838,205.331
13569,295.2056,251.06735
17921,441.494,81.78794
13573,531.664,210.96371
12241,284.4704,227.12441
13571,474.7078,106.0133
16608,455.9638,83.24711
16607,460.1244,613.82015
16601,415.437,300.82034
13575,252.0802,278.54054
17937,489.845,604.1708
17930,447.7704,74.50778
17931,255.0054,315.4748
13578,377.7218,561.1802
16603,515.4476,472.26497
14870,315.2134,297.57251
12218,471.3708,103.15772
13549,505.394,129.83072
17905,298.5852,261.3443
17908,371.3886,239.5352
17901,255.8148,287.27987
12211,279.8412,602.68025
14874,195.55,74.24105
17902,447.8556,89.46035
13544,308.9654,270.27191
17903,517.2226,577.01141
12212,258.9672,268.57739
14878,451.15,103.73825
13547,250.078,327.57179
14879,272.1164,309.21449
14876,266.1098,273.31577
14877,522.9026,565.71461
13551,471.4986,91.90799
12220,445.7398,629.66705
12229,544.87,211.51286
17916,270.029,599.55794
17917,450.511,624.97574
12222,488.8226,137.3933
17913,485.8264,124.55888
17914,444.5044,65.78414
12224,470.8738,84.2042
14884,464.5122,117.84356
13553,342.2644,264.93731
13558,257.1212,304.28783
13556,230.2122,264.93731
12228,321.1348,314.26667
13557,280.5938,297.87062
14052,498.862,108.96302
18411,265.627,215.59226
19741,520.0342,563.75336
15383,516.3138,525.32855
18413,258.3708,289.14698
15381,257.817,315.71015
19743,500.2252,578.40782
14051,510.2646,575.7719
14056,534.078,243.44201
15387,596.7852,343.21472
19746,405.8662,301.69898
14063,500.5802,578.09402
15395,504.9822,582.9893
15394,498.1804,156.33113
18422,442.3176,80.79947
15393,397.0764,282.07079
14062,281.9428,266.69459
19754,368.4918,238.37414
15398,497.087,598.55378
19750,578.1406,248.24315
14069,266.8766,617.91524
19757,498.5638,578.97266
19756,468.4598,92.97491
18427,470.4904,103.1891
18428,442.5164,89.39759
15362,507.7512,578.21954
19722,482.4894,90.60572
16691,484.9602,595.76096
15366,271.0798,265.75319
14034,239.7546,301.41656
16696,284.016,222.65276
16695,269.2338,262.34846
16694,303.683,271.82522
14033,111.0458,337.73891
19727,295.589,306.95513
15367,458.676,516.90302
19723,471.0016,590.47343
19726,366.3476,237.11894
14041,305.3018,293.60294
19731,538.0682,173.30771
18400,505.5786,458.31656
18401,435.7714,90.76262
15371,473.16,118.91048
15370,460.6356,85.19267
14045,201.3436,85.71044
15376,513.0052,568.63295
14043,333.8864,281.5844
15375,430.4606,375.92837
14044,116.456,177.98333
19739,579.2056,250.72217
18407,451.008,630.15344
15379,461.871,98.29382
14047,477.6756,115.64696
14048,466.1594,107.06453
19737,450.0424,89.55449
19736,522.5476,568.17794
16670,307.2188,251.74202
19700,669.546,226.84199
15343,240.493,233.08661
16674,276.2628,313.76459
15342,488.2262,109.99856
15341,372.5104,249.78077
16672,460.309,77.03387
19709,390.942,267.29081
15348,263.1562,295.28177
14016,463.078,615.42053
15347,285.2372,278.65037
16678,455.7366,89.52311
15345,446.1374,77.20646
16676,341.1284,259.9322
16682,378.7442,251.80478
14020,496.874,584.21312
15350,476.8946,555.32783
15355,470.036,82.41554
14024,653.6136,133.45511
14021,478.2294,114.78401
14022,470.7602,115.44299
15352,394.6056,342.86954
15359,525.1746,566.75015
19716,319.019,245.40326
15357,698.9826,156.99011
14025,486.437,598.63223
16687,294.4246,343.59128
19714,260.586,299.48669
12291,526.268,499.86368
12290,446.3078,593.92523
12293,175.2156,90.98228
12292,312.203,206.1155
16653,450.3406,86.29097
12295,465.4068,619.67252
16652,170.2456,132.15284
15320,511.4574,571.15904
16650,500.0264,580.52597
17989,305.7704,286.51106
12299,514.8512,583.35017
15324,147.1848,129.75227
16655,464.3418,622.55948
15323,475.7018,85.86734
15329,277.981,259.38305
15327,464.1998,91.81385
16658,449.3466,632.36573
16660,441.2952,78.99512
17993,320.4816,495.1253
17994,396.9202,428.09762
14001,307.4318,265.14128
14002,505.6638,190.84913
15332,243.7874,302.20106
15330,455.2822,82.6352
15337,466.9972,106.9547
16666,513.914,575.00309
17997,255.9568,696.05144
17998,387.6334,260.65394
15339,476.3976,576.93296
